id	hhno	day	dow	jttours	phtours	fhtours	hdexpfac
225500	225500	1	0	0	0	0	500
150500	150500	1	0	0	0	0	500
500	500	1	0	0	0	0	500
375500	375500	1	0	0	0	0	500
300500	300500	1	0	0	0	0	500
526000	526000	1	0	0	0	0	500
376000	376000	1	0	0	0	0	500
226000	226000	1	0	0	0	0	500
75500	75500	1	0	0	0	0	500
151000	151000	1	0	0	0	0	500
301000	301000	1	0	0	0	0	500
226500	226500	1	0	0	0	0	500
1000	1000	1	0	0	0	0	500
151500	151500	1	0	0	0	0	500
152000	152000	1	0	0	0	0	500
76000	76000	1	0	0	0	0	500
450500	450500	1	0	0	0	0	500
227000	227000	1	0	0	0	0	500
451000	451000	1	0	0	0	0	500
526500	526500	1	0	0	0	0	500
152500	152500	1	0	0	0	0	500
527000	527000	1	0	0	0	0	500
451500	451500	1	0	0	0	0	500
227500	227500	1	0	0	0	0	500
228000	228000	1	0	0	0	0	500
301500	301500	1	0	0	0	0	500
452000	452000	1	0	0	0	0	500
76500	76500	1	0	0	0	0	500
452500	452500	1	0	0	0	0	500
77000	77000	1	0	0	0	0	500
228500	228500	1	0	0	0	0	500
1500	1500	1	0	0	0	0	500
376500	376500	1	0	0	0	0	500
302000	302000	1	0	0	0	0	500
153000	153000	1	0	0	0	0	500
453000	453000	1	0	0	0	0	500
77500	77500	1	0	0	0	0	500
229000	229000	1	0	0	0	0	500
153500	153500	1	0	0	0	0	500
2000	2000	1	0	0	0	0	500
453500	453500	1	0	0	0	0	500
78000	78000	1	0	0	0	0	500
78500	78500	1	0	0	0	0	500
377000	377000	1	0	0	0	0	500
2500	2500	1	0	0	0	0	500
454000	454000	1	0	0	0	0	500
302500	302500	1	0	0	0	0	500
3000	3000	1	0	0	0	0	500
229500	229500	1	0	0	0	0	500
527500	527500	1	0	0	0	0	500
79000	79000	1	0	0	0	0	500
528000	528000	1	0	0	0	0	500
303000	303000	1	0	0	0	0	500
230000	230000	1	0	0	0	0	500
154000	154000	1	0	0	0	0	500
230500	230500	1	0	0	0	0	500
528500	528500	1	0	0	0	0	500
377500	377500	1	0	0	0	0	500
3500	3500	1	0	0	0	0	500
231000	231000	1	0	0	0	0	500
529000	529000	1	0	0	0	0	500
529500	529500	1	0	0	0	0	500
303500	303500	1	0	0	0	0	500
4000	4000	1	0	0	0	0	500
154500	154500	1	0	0	0	0	500
454500	454500	1	0	0	0	0	500
79500	79500	1	0	0	0	0	500
530000	530000	1	0	0	0	0	500
378000	378000	1	0	0	0	0	500
4500	4500	1	0	0	0	0	500
530500	530500	1	0	0	0	0	500
155000	155000	1	0	0	0	0	500
5000	5000	1	0	0	0	0	500
378500	378500	1	0	0	0	0	500
80000	80000	1	0	0	0	0	500
455000	455000	1	0	0	0	0	500
155500	155500	1	0	0	0	0	500
304000	304000	1	0	0	0	0	500
379000	379000	1	0	0	0	0	500
379500	379500	1	0	0	0	0	500
531000	531000	1	0	0	0	0	500
5500	5500	1	0	0	0	0	500
80500	80500	1	0	0	0	0	500
380000	380000	1	0	0	0	0	500
231500	231500	1	0	0	0	0	500
455500	455500	1	0	0	0	0	500
456000	456000	1	0	0	0	0	500
156000	156000	1	0	0	0	0	500
380500	380500	1	0	0	0	0	500
381000	381000	1	0	0	0	0	500
232000	232000	1	0	0	0	0	500
232500	232500	1	0	0	0	0	500
81000	81000	1	0	0	0	0	500
381500	381500	1	0	0	0	0	500
304500	304500	1	0	0	0	0	500
233000	233000	1	0	0	0	0	500
531500	531500	1	0	0	0	0	500
156500	156500	1	0	0	0	0	500
6000	6000	1	0	0	0	0	500
157000	157000	1	0	0	0	0	500
157500	157500	1	0	0	0	0	500
6500	6500	1	0	0	0	0	500
81500	81500	1	0	0	0	0	500
456500	456500	1	0	0	0	0	500
233500	233500	1	0	0	0	0	500
82000	82000	1	0	0	0	0	500
234000	234000	1	0	0	0	0	500
158000	158000	1	0	0	0	0	500
457000	457000	1	0	0	0	0	500
305000	305000	1	0	0	0	0	500
7000	7000	1	0	0	0	0	500
305500	305500	1	0	0	0	0	500
532000	532000	1	0	0	0	0	500
306000	306000	1	0	0	0	0	500
234500	234500	1	0	0	0	0	500
158500	158500	1	0	0	0	0	500
7500	7500	1	0	0	0	0	500
82500	82500	1	0	0	0	0	500
457500	457500	1	0	0	0	0	500
306500	306500	1	0	0	0	0	500
8000	8000	1	0	0	0	0	500
159000	159000	1	0	0	0	0	500
159500	159500	1	0	0	0	0	500
235000	235000	1	0	0	0	0	500
8500	8500	1	0	0	0	0	500
532500	532500	1	0	0	0	0	500
160000	160000	1	0	0	0	0	500
160500	160500	1	0	0	0	0	500
382000	382000	1	0	0	0	0	500
235500	235500	1	0	0	0	0	500
307000	307000	1	0	0	0	0	500
458000	458000	1	0	0	0	0	500
533000	533000	1	0	0	0	0	500
83000	83000	1	0	0	0	0	500
236000	236000	1	0	0	0	0	500
382500	382500	1	0	0	0	0	500
458500	458500	1	0	0	0	0	500
83500	83500	1	0	0	0	0	500
9000	9000	1	0	0	0	0	500
84000	84000	1	0	0	0	0	500
9500	9500	1	0	0	0	0	500
383000	383000	1	0	0	0	0	500
161000	161000	1	0	0	0	0	500
533500	533500	1	0	0	0	0	500
383500	383500	1	0	0	0	0	500
307500	307500	1	0	0	0	0	500
459000	459000	1	0	0	0	0	500
236500	236500	1	0	0	0	0	500
10000	10000	1	0	0	0	0	500
84500	84500	1	0	0	0	0	500
161500	161500	1	0	0	0	0	500
459500	459500	1	0	0	0	0	500
460000	460000	1	0	0	0	0	500
534000	534000	1	0	0	0	0	500
237000	237000	1	0	0	0	0	500
162000	162000	1	0	0	0	0	500
10500	10500	1	0	0	0	0	500
460500	460500	1	0	0	0	0	500
534500	534500	1	0	0	0	0	500
11000	11000	1	0	0	0	0	500
384000	384000	1	0	0	0	0	500
461000	461000	1	0	0	0	0	500
11500	11500	1	0	0	0	0	500
535000	535000	1	0	0	0	0	500
237500	237500	1	0	0	0	0	500
384500	384500	1	0	0	0	0	500
162500	162500	1	0	0	0	0	500
461500	461500	1	0	0	0	0	500
308000	308000	1	0	0	0	0	500
12000	12000	1	0	0	0	0	500
462000	462000	1	0	0	0	0	500
12500	12500	1	0	0	0	0	500
535500	535500	1	0	0	0	0	500
308500	308500	1	0	0	0	0	500
536000	536000	1	0	0	0	0	500
536500	536500	1	0	0	0	0	500
163000	163000	1	0	0	0	0	500
13000	13000	1	0	0	0	0	500
462500	462500	1	0	0	0	0	500
537000	537000	1	0	0	0	0	500
238000	238000	1	0	0	0	0	500
85000	85000	1	0	0	0	0	500
309000	309000	1	0	0	0	0	500
85500	85500	1	0	0	0	0	500
86000	86000	1	0	0	0	0	500
163500	163500	1	0	0	0	0	500
385000	385000	1	0	0	0	0	500
537500	537500	1	0	0	0	0	500
238500	238500	1	0	0	0	0	500
13500	13500	1	0	0	0	0	500
463000	463000	1	0	0	0	0	500
538000	538000	1	0	0	0	0	500
14000	14000	1	0	0	0	0	500
86500	86500	1	0	0	0	0	500
164000	164000	1	0	0	0	0	500
309500	309500	1	0	0	0	0	500
164500	164500	1	0	0	0	0	500
310000	310000	1	0	0	0	0	500
385500	385500	1	0	0	0	0	500
165000	165000	1	0	0	0	0	500
14500	14500	1	0	0	0	0	500
538500	538500	1	0	0	0	0	500
463500	463500	1	0	0	0	0	500
87000	87000	1	0	0	0	0	500
310500	310500	1	0	0	0	0	500
464000	464000	1	0	0	0	0	500
464500	464500	1	0	0	0	0	500
465000	465000	1	0	0	0	0	500
165500	165500	1	0	0	0	0	500
465500	465500	1	0	0	0	0	500
386000	386000	1	0	0	0	0	500
87500	87500	1	0	0	0	0	500
239000	239000	1	0	0	0	0	500
311000	311000	1	0	0	0	0	500
311500	311500	1	0	0	0	0	500
539000	539000	1	0	0	0	0	500
386500	386500	1	0	0	0	0	500
15000	15000	1	0	0	0	0	500
166000	166000	1	0	0	0	0	500
312000	312000	1	0	0	0	0	500
387000	387000	1	0	0	0	0	500
466000	466000	1	0	0	0	0	500
166500	166500	1	0	0	0	0	500
387500	387500	1	0	0	0	0	500
312500	312500	1	0	0	0	0	500
313000	313000	1	0	0	0	0	500
88000	88000	1	0	0	0	0	500
388000	388000	1	0	0	0	0	500
88500	88500	1	0	0	0	0	500
15500	15500	1	0	0	0	0	500
466500	466500	1	0	0	0	0	500
313500	313500	1	0	0	0	0	500
239500	239500	1	0	0	0	0	500
167000	167000	1	0	0	0	0	500
388500	388500	1	0	0	0	0	500
467000	467000	1	0	0	0	0	500
240000	240000	1	0	0	0	0	500
539500	539500	1	0	0	0	0	500
314000	314000	1	0	0	0	0	500
240500	240500	1	0	0	0	0	500
16000	16000	1	0	0	0	0	500
314500	314500	1	0	0	0	0	500
389000	389000	1	0	0	0	0	500
89000	89000	1	0	0	0	0	500
315000	315000	1	0	0	0	0	500
540000	540000	1	0	0	0	0	500
540500	540500	1	0	0	0	0	500
467500	467500	1	0	0	0	0	500
315500	315500	1	0	0	0	0	500
89500	89500	1	0	0	0	0	500
16500	16500	1	0	0	0	0	500
167500	167500	1	0	0	0	0	500
468000	468000	1	0	0	0	0	500
389500	389500	1	0	0	0	0	500
316000	316000	1	0	0	0	0	500
17000	17000	1	0	0	0	0	500
90000	90000	1	0	0	0	0	500
468500	468500	1	0	0	0	0	500
541000	541000	1	0	0	0	0	500
316500	316500	1	0	0	0	0	500
168000	168000	1	0	0	0	0	500
469000	469000	1	0	0	0	0	500
168500	168500	1	0	0	0	0	500
90500	90500	1	0	0	0	0	500
317000	317000	1	0	0	0	0	500
390000	390000	1	0	0	0	0	500
541500	541500	1	0	0	0	0	500
390500	390500	1	0	0	0	0	500
469500	469500	1	0	0	0	0	500
391000	391000	1	0	0	0	0	500
241000	241000	1	0	0	0	0	500
17500	17500	1	0	0	0	0	500
91000	91000	1	0	0	0	0	500
391500	391500	1	0	0	0	0	500
542000	542000	1	0	0	0	0	500
169000	169000	1	0	0	0	0	500
392000	392000	1	0	0	0	0	500
241500	241500	1	0	0	0	0	500
470000	470000	1	0	0	0	0	500
392500	392500	1	0	0	0	0	500
18000	18000	1	0	0	0	0	500
470500	470500	1	0	0	0	0	500
91500	91500	1	0	0	0	0	500
317500	317500	1	0	0	0	0	500
242000	242000	1	0	0	0	0	500
471000	471000	1	0	0	0	0	500
393000	393000	1	0	0	0	0	500
242500	242500	1	0	0	0	0	500
393500	393500	1	0	0	0	0	500
169500	169500	1	0	0	0	0	500
542500	542500	1	0	0	0	0	500
92000	92000	1	0	0	0	0	500
394000	394000	1	0	0	0	0	500
318000	318000	1	0	0	0	0	500
92500	92500	1	0	0	0	0	500
170000	170000	1	0	0	0	0	500
243000	243000	1	0	0	0	0	500
18500	18500	1	0	0	0	0	500
394500	394500	1	0	0	0	0	500
243500	243500	1	0	0	0	0	500
471500	471500	1	0	0	0	0	500
543000	543000	1	0	0	0	0	500
170500	170500	1	0	0	0	0	500
318500	318500	1	0	0	0	0	500
395000	395000	1	0	0	0	0	500
319000	319000	1	0	0	0	0	500
472000	472000	1	0	0	0	0	500
19000	19000	1	0	0	0	0	500
543500	543500	1	0	0	0	0	500
93000	93000	1	0	0	0	0	500
395500	395500	1	0	0	0	0	500
244000	244000	1	0	0	0	0	500
319500	319500	1	0	0	0	0	500
171000	171000	1	0	0	0	0	500
396000	396000	1	0	0	0	0	500
396500	396500	1	0	0	0	0	500
171500	171500	1	0	0	0	0	500
544000	544000	1	0	0	0	0	500
172000	172000	1	0	0	0	0	500
93500	93500	1	0	0	0	0	500
320000	320000	1	0	0	0	0	500
544500	544500	1	0	0	0	0	500
244500	244500	1	0	0	0	0	500
397000	397000	1	0	0	0	0	500
19500	19500	1	0	0	0	0	500
397500	397500	1	0	0	0	0	500
94000	94000	1	0	0	0	0	500
320500	320500	1	0	0	0	0	500
321000	321000	1	0	0	0	0	500
172500	172500	1	0	0	0	0	500
545000	545000	1	0	0	0	0	500
94500	94500	1	0	0	0	0	500
173000	173000	1	0	0	0	0	500
321500	321500	1	0	0	0	0	500
20000	20000	1	0	0	0	0	500
173500	173500	1	0	0	0	0	500
545500	545500	1	0	0	0	0	500
398000	398000	1	0	0	0	0	500
322000	322000	1	0	0	0	0	500
546000	546000	1	0	0	0	0	500
20500	20500	1	0	0	0	0	500
174000	174000	1	0	0	0	0	500
472500	472500	1	0	0	0	0	500
95000	95000	1	0	0	0	0	500
322500	322500	1	0	0	0	0	500
473000	473000	1	0	0	0	0	500
174500	174500	1	0	0	0	0	500
21000	21000	1	0	0	0	0	500
546500	546500	1	0	0	0	0	500
245000	245000	1	0	0	0	0	500
175000	175000	1	0	0	0	0	500
398500	398500	1	0	0	0	0	500
547000	547000	1	0	0	0	0	500
245500	245500	1	0	0	0	0	500
323000	323000	1	0	0	0	0	500
21500	21500	1	0	0	0	0	500
547500	547500	1	0	0	0	0	500
399000	399000	1	0	0	0	0	500
22000	22000	1	0	0	0	0	500
95500	95500	1	0	0	0	0	500
473500	473500	1	0	0	0	0	500
474000	474000	1	0	0	0	0	500
175500	175500	1	0	0	0	0	500
323500	323500	1	0	0	0	0	500
324000	324000	1	0	0	0	0	500
22500	22500	1	0	0	0	0	500
176000	176000	1	0	0	0	0	500
548000	548000	1	0	0	0	0	500
96000	96000	1	0	0	0	0	500
176500	176500	1	0	0	0	0	500
246000	246000	1	0	0	0	0	500
96500	96500	1	0	0	0	0	500
548500	548500	1	0	0	0	0	500
324500	324500	1	0	0	0	0	500
474500	474500	1	0	0	0	0	500
97000	97000	1	0	0	0	0	500
549000	549000	1	0	0	0	0	500
246500	246500	1	0	0	0	0	500
475000	475000	1	0	0	0	0	500
23000	23000	1	0	0	0	0	500
177000	177000	1	0	0	0	0	500
549500	549500	1	0	0	0	0	500
550000	550000	1	0	0	0	0	500
399500	399500	1	0	0	0	0	500
247000	247000	1	0	0	0	0	500
97500	97500	1	0	0	0	0	500
325000	325000	1	0	0	0	0	500
177500	177500	1	0	0	0	0	500
400000	400000	1	0	0	0	0	500
475500	475500	1	0	0	0	0	500
550500	550500	1	0	0	0	0	500
247500	247500	1	0	0	0	0	500
325500	325500	1	0	0	0	0	500
248000	248000	1	0	0	0	0	500
23500	23500	1	0	0	0	0	500
551000	551000	1	0	0	0	0	500
98000	98000	1	0	0	0	0	500
178000	178000	1	0	0	0	0	500
248500	248500	1	0	0	0	0	500
98500	98500	1	0	0	0	0	500
400500	400500	1	0	0	0	0	500
401000	401000	1	0	0	0	0	500
99000	99000	1	0	0	0	0	500
326000	326000	1	0	0	0	0	500
551500	551500	1	0	0	0	0	500
178500	178500	1	0	0	0	0	500
476000	476000	1	0	0	0	0	500
179000	179000	1	0	0	0	0	500
24000	24000	1	0	0	0	0	500
552000	552000	1	0	0	0	0	500
476500	476500	1	0	0	0	0	500
249000	249000	1	0	0	0	0	500
477000	477000	1	0	0	0	0	500
401500	401500	1	0	0	0	0	500
179500	179500	1	0	0	0	0	500
402000	402000	1	0	0	0	0	500
180000	180000	1	0	0	0	0	500
477500	477500	1	0	0	0	0	500
402500	402500	1	0	0	0	0	500
180500	180500	1	0	0	0	0	500
99500	99500	1	0	0	0	0	500
100000	100000	1	0	0	0	0	500
326500	326500	1	0	0	0	0	500
552500	552500	1	0	0	0	0	500
403000	403000	1	0	0	0	0	500
249500	249500	1	0	0	0	0	500
100500	100500	1	0	0	0	0	500
553000	553000	1	0	0	0	0	500
327000	327000	1	0	0	0	0	500
101000	101000	1	0	0	0	0	500
553500	553500	1	0	0	0	0	500
250000	250000	1	0	0	0	0	500
24500	24500	1	0	0	0	0	500
478000	478000	1	0	0	0	0	500
101500	101500	1	0	0	0	0	500
403500	403500	1	0	0	0	0	500
250500	250500	1	0	0	0	0	500
25000	25000	1	0	0	0	0	500
181000	181000	1	0	0	0	0	500
181500	181500	1	0	0	0	0	500
327500	327500	1	0	0	0	0	500
554000	554000	1	0	0	0	0	500
182000	182000	1	0	0	0	0	500
251000	251000	1	0	0	0	0	500
25500	25500	1	0	0	0	0	500
478500	478500	1	0	0	0	0	500
102000	102000	1	0	0	0	0	500
554500	554500	1	0	0	0	0	500
251500	251500	1	0	0	0	0	500
26000	26000	1	0	0	0	0	500
182500	182500	1	0	0	0	0	500
183000	183000	1	0	0	0	0	500
555000	555000	1	0	0	0	0	500
328000	328000	1	0	0	0	0	500
102500	102500	1	0	0	0	0	500
479000	479000	1	0	0	0	0	500
404000	404000	1	0	0	0	0	500
555500	555500	1	0	0	0	0	500
183500	183500	1	0	0	0	0	500
556000	556000	1	0	0	0	0	500
404500	404500	1	0	0	0	0	500
26500	26500	1	0	0	0	0	500
328500	328500	1	0	0	0	0	500
252000	252000	1	0	0	0	0	500
556500	556500	1	0	0	0	0	500
184000	184000	1	0	0	0	0	500
557000	557000	1	0	0	0	0	500
27000	27000	1	0	0	0	0	500
557500	557500	1	0	0	0	0	500
252500	252500	1	0	0	0	0	500
329000	329000	1	0	0	0	0	500
184500	184500	1	0	0	0	0	500
558000	558000	1	0	0	0	0	500
185000	185000	1	0	0	0	0	500
405000	405000	1	0	0	0	0	500
103000	103000	1	0	0	0	0	500
479500	479500	1	0	0	0	0	500
27500	27500	1	0	0	0	0	500
405500	405500	1	0	0	0	0	500
558500	558500	1	0	0	0	0	500
253000	253000	1	0	0	0	0	500
480000	480000	1	0	0	0	0	500
28000	28000	1	0	0	0	0	500
559000	559000	1	0	0	0	0	500
480500	480500	1	0	0	0	0	500
406000	406000	1	0	0	0	0	500
185500	185500	1	0	0	0	0	500
406500	406500	1	0	0	0	0	500
329500	329500	1	0	0	0	0	500
253500	253500	1	0	0	0	0	500
186000	186000	1	0	0	0	0	500
28500	28500	1	0	0	0	0	500
186500	186500	1	0	0	0	0	500
254000	254000	1	0	0	0	0	500
254500	254500	1	0	0	0	0	500
330000	330000	1	0	0	0	0	500
559500	559500	1	0	0	0	0	500
29000	29000	1	0	0	0	0	500
255000	255000	1	0	0	0	0	500
407000	407000	1	0	0	0	0	500
407500	407500	1	0	0	0	0	500
103500	103500	1	0	0	0	0	500
330500	330500	1	0	0	0	0	500
187000	187000	1	0	0	0	0	500
255500	255500	1	0	0	0	0	500
256000	256000	1	0	0	0	0	500
481000	481000	1	0	0	0	0	500
408000	408000	1	0	0	0	0	500
104000	104000	1	0	0	0	0	500
256500	256500	1	0	0	0	0	500
408500	408500	1	0	0	0	0	500
104500	104500	1	0	0	0	0	500
331000	331000	1	0	0	0	0	500
481500	481500	1	0	0	0	0	500
187500	187500	1	0	0	0	0	500
409000	409000	1	0	0	0	0	500
482000	482000	1	0	0	0	0	500
257000	257000	1	0	0	0	0	500
105000	105000	1	0	0	0	0	500
29500	29500	1	0	0	0	0	500
188000	188000	1	0	0	0	0	500
105500	105500	1	0	0	0	0	500
331500	331500	1	0	0	0	0	500
257500	257500	1	0	0	0	0	500
482500	482500	1	0	0	0	0	500
560000	560000	1	0	0	0	0	500
409500	409500	1	0	0	0	0	500
410000	410000	1	0	0	0	0	500
106000	106000	1	0	0	0	0	500
30000	30000	1	0	0	0	0	500
332000	332000	1	0	0	0	0	500
483000	483000	1	0	0	0	0	500
410500	410500	1	0	0	0	0	500
258000	258000	1	0	0	0	0	500
188500	188500	1	0	0	0	0	500
30500	30500	1	0	0	0	0	500
483500	483500	1	0	0	0	0	500
332500	332500	1	0	0	0	0	500
31000	31000	1	0	0	0	0	500
106500	106500	1	0	0	0	0	500
258500	258500	1	0	0	0	0	500
31500	31500	1	0	0	0	0	500
560500	560500	1	0	0	0	0	500
189000	189000	1	0	0	0	0	500
411000	411000	1	0	0	0	0	500
484000	484000	1	0	0	0	0	500
32000	32000	1	0	0	0	0	500
107000	107000	1	0	0	0	0	500
259000	259000	1	0	0	0	0	500
411500	411500	1	0	0	0	0	500
189500	189500	1	0	0	0	0	500
333000	333000	1	0	0	0	0	500
259500	259500	1	0	0	0	0	500
484500	484500	1	0	0	0	0	500
561000	561000	1	0	0	0	0	500
561500	561500	1	0	0	0	0	500
412000	412000	1	0	0	0	0	500
562000	562000	1	0	0	0	0	500
107500	107500	1	0	0	0	0	500
485000	485000	1	0	0	0	0	500
485500	485500	1	0	0	0	0	500
412500	412500	1	0	0	0	0	500
190000	190000	1	0	0	0	0	500
562500	562500	1	0	0	0	0	500
108000	108000	1	0	0	0	0	500
333500	333500	1	0	0	0	0	500
486000	486000	1	0	0	0	0	500
108500	108500	1	0	0	0	0	500
32500	32500	1	0	0	0	0	500
109000	109000	1	0	0	0	0	500
190500	190500	1	0	0	0	0	500
260000	260000	1	0	0	0	0	500
563000	563000	1	0	0	0	0	500
334000	334000	1	0	0	0	0	500
413000	413000	1	0	0	0	0	500
33000	33000	1	0	0	0	0	500
413500	413500	1	0	0	0	0	500
33500	33500	1	0	0	0	0	500
191000	191000	1	0	0	0	0	500
260500	260500	1	0	0	0	0	500
334500	334500	1	0	0	0	0	500
486500	486500	1	0	0	0	0	500
191500	191500	1	0	0	0	0	500
109500	109500	1	0	0	0	0	500
414000	414000	1	0	0	0	0	500
414500	414500	1	0	0	0	0	500
563500	563500	1	0	0	0	0	500
335000	335000	1	0	0	0	0	500
261000	261000	1	0	0	0	0	500
335500	335500	1	0	0	0	0	500
415000	415000	1	0	0	0	0	500
34000	34000	1	0	0	0	0	500
110000	110000	1	0	0	0	0	500
192000	192000	1	0	0	0	0	500
336000	336000	1	0	0	0	0	500
261500	261500	1	0	0	0	0	500
487000	487000	1	0	0	0	0	500
415500	415500	1	0	0	0	0	500
110500	110500	1	0	0	0	0	500
192500	192500	1	0	0	0	0	500
416000	416000	1	0	0	0	0	500
34500	34500	1	0	0	0	0	500
564000	564000	1	0	0	0	0	500
111000	111000	1	0	0	0	0	500
336500	336500	1	0	0	0	0	500
262000	262000	1	0	0	0	0	500
35000	35000	1	0	0	0	0	500
262500	262500	1	0	0	0	0	500
416500	416500	1	0	0	0	0	500
487500	487500	1	0	0	0	0	500
111500	111500	1	0	0	0	0	500
193000	193000	1	0	0	0	0	500
417000	417000	1	0	0	0	0	500
35500	35500	1	0	0	0	0	500
112000	112000	1	0	0	0	0	500
564500	564500	1	0	0	0	0	500
488000	488000	1	0	0	0	0	500
337000	337000	1	0	0	0	0	500
263000	263000	1	0	0	0	0	500
337500	337500	1	0	0	0	0	500
36000	36000	1	0	0	0	0	500
263500	263500	1	0	0	0	0	500
193500	193500	1	0	0	0	0	500
112500	112500	1	0	0	0	0	500
338000	338000	1	0	0	0	0	500
565000	565000	1	0	0	0	0	500
194000	194000	1	0	0	0	0	500
194500	194500	1	0	0	0	0	500
565500	565500	1	0	0	0	0	500
488500	488500	1	0	0	0	0	500
36500	36500	1	0	0	0	0	500
113000	113000	1	0	0	0	0	500
489000	489000	1	0	0	0	0	500
264000	264000	1	0	0	0	0	500
37000	37000	1	0	0	0	0	500
417500	417500	1	0	0	0	0	500
566000	566000	1	0	0	0	0	500
338500	338500	1	0	0	0	0	500
195000	195000	1	0	0	0	0	500
195500	195500	1	0	0	0	0	500
566500	566500	1	0	0	0	0	500
489500	489500	1	0	0	0	0	500
264500	264500	1	0	0	0	0	500
196000	196000	1	0	0	0	0	500
113500	113500	1	0	0	0	0	500
37500	37500	1	0	0	0	0	500
567000	567000	1	0	0	0	0	500
339000	339000	1	0	0	0	0	500
196500	196500	1	0	0	0	0	500
339500	339500	1	0	0	0	0	500
418000	418000	1	0	0	0	0	500
567500	567500	1	0	0	0	0	500
38000	38000	1	0	0	0	0	500
114000	114000	1	0	0	0	0	500
265000	265000	1	0	0	0	0	500
490000	490000	1	0	0	0	0	500
340000	340000	1	0	0	0	0	500
568000	568000	1	0	0	0	0	500
340500	340500	1	0	0	0	0	500
418500	418500	1	0	0	0	0	500
341000	341000	1	0	0	0	0	500
265500	265500	1	0	0	0	0	500
490500	490500	1	0	0	0	0	500
341500	341500	1	0	0	0	0	500
114500	114500	1	0	0	0	0	500
38500	38500	1	0	0	0	0	500
568500	568500	1	0	0	0	0	500
266000	266000	1	0	0	0	0	500
419000	419000	1	0	0	0	0	500
39000	39000	1	0	0	0	0	500
419500	419500	1	0	0	0	0	500
266500	266500	1	0	0	0	0	500
569000	569000	1	0	0	0	0	500
197000	197000	1	0	0	0	0	500
420000	420000	1	0	0	0	0	500
115000	115000	1	0	0	0	0	500
267000	267000	1	0	0	0	0	500
39500	39500	1	0	0	0	0	500
342000	342000	1	0	0	0	0	500
115500	115500	1	0	0	0	0	500
491000	491000	1	0	0	0	0	500
267500	267500	1	0	0	0	0	500
197500	197500	1	0	0	0	0	500
420500	420500	1	0	0	0	0	500
569500	569500	1	0	0	0	0	500
268000	268000	1	0	0	0	0	500
198000	198000	1	0	0	0	0	500
342500	342500	1	0	0	0	0	500
570000	570000	1	0	0	0	0	500
421000	421000	1	0	0	0	0	500
198500	198500	1	0	0	0	0	500
343000	343000	1	0	0	0	0	500
268500	268500	1	0	0	0	0	500
491500	491500	1	0	0	0	0	500
570500	570500	1	0	0	0	0	500
269000	269000	1	0	0	0	0	500
199000	199000	1	0	0	0	0	500
116000	116000	1	0	0	0	0	500
40000	40000	1	0	0	0	0	500
343500	343500	1	0	0	0	0	500
269500	269500	1	0	0	0	0	500
116500	116500	1	0	0	0	0	500
421500	421500	1	0	0	0	0	500
571000	571000	1	0	0	0	0	500
270000	270000	1	0	0	0	0	500
117000	117000	1	0	0	0	0	500
270500	270500	1	0	0	0	0	500
344000	344000	1	0	0	0	0	500
492000	492000	1	0	0	0	0	500
422000	422000	1	0	0	0	0	500
571500	571500	1	0	0	0	0	500
199500	199500	1	0	0	0	0	500
572000	572000	1	0	0	0	0	500
40500	40500	1	0	0	0	0	500
271000	271000	1	0	0	0	0	500
492500	492500	1	0	0	0	0	500
117500	117500	1	0	0	0	0	500
271500	271500	1	0	0	0	0	500
41000	41000	1	0	0	0	0	500
422500	422500	1	0	0	0	0	500
272000	272000	1	0	0	0	0	500
41500	41500	1	0	0	0	0	500
572500	572500	1	0	0	0	0	500
118000	118000	1	0	0	0	0	500
118500	118500	1	0	0	0	0	500
42000	42000	1	0	0	0	0	500
200000	200000	1	0	0	0	0	500
119000	119000	1	0	0	0	0	500
344500	344500	1	0	0	0	0	500
272500	272500	1	0	0	0	0	500
493000	493000	1	0	0	0	0	500
423000	423000	1	0	0	0	0	500
273000	273000	1	0	0	0	0	500
200500	200500	1	0	0	0	0	500
119500	119500	1	0	0	0	0	500
423500	423500	1	0	0	0	0	500
345000	345000	1	0	0	0	0	500
120000	120000	1	0	0	0	0	500
424000	424000	1	0	0	0	0	500
573000	573000	1	0	0	0	0	500
273500	273500	1	0	0	0	0	500
573500	573500	1	0	0	0	0	500
42500	42500	1	0	0	0	0	500
345500	345500	1	0	0	0	0	500
120500	120500	1	0	0	0	0	500
574000	574000	1	0	0	0	0	500
201000	201000	1	0	0	0	0	500
574500	574500	1	0	0	0	0	500
493500	493500	1	0	0	0	0	500
274000	274000	1	0	0	0	0	500
43000	43000	1	0	0	0	0	500
424500	424500	1	0	0	0	0	500
494000	494000	1	0	0	0	0	500
43500	43500	1	0	0	0	0	500
121000	121000	1	0	0	0	0	500
44000	44000	1	0	0	0	0	500
201500	201500	1	0	0	0	0	500
346000	346000	1	0	0	0	0	500
425000	425000	1	0	0	0	0	500
274500	274500	1	0	0	0	0	500
275000	275000	1	0	0	0	0	500
121500	121500	1	0	0	0	0	500
575000	575000	1	0	0	0	0	500
44500	44500	1	0	0	0	0	500
202000	202000	1	0	0	0	0	500
425500	425500	1	0	0	0	0	500
346500	346500	1	0	0	0	0	500
494500	494500	1	0	0	0	0	500
122000	122000	1	0	0	0	0	500
202500	202500	1	0	0	0	0	500
575500	575500	1	0	0	0	0	500
122500	122500	1	0	0	0	0	500
347000	347000	1	0	0	0	0	500
203000	203000	1	0	0	0	0	500
495000	495000	1	0	0	0	0	500
426000	426000	1	0	0	0	0	500
576000	576000	1	0	0	0	0	500
275500	275500	1	0	0	0	0	500
276000	276000	1	0	0	0	0	500
495500	495500	1	0	0	0	0	500
123000	123000	1	0	0	0	0	500
347500	347500	1	0	0	0	0	500
426500	426500	1	0	0	0	0	500
276500	276500	1	0	0	0	0	500
576500	576500	1	0	0	0	0	500
203500	203500	1	0	0	0	0	500
427000	427000	1	0	0	0	0	500
204000	204000	1	0	0	0	0	500
577000	577000	1	0	0	0	0	500
496000	496000	1	0	0	0	0	500
427500	427500	1	0	0	0	0	500
577500	577500	1	0	0	0	0	500
348000	348000	1	0	0	0	0	500
277000	277000	1	0	0	0	0	500
123500	123500	1	0	0	0	0	500
45000	45000	1	0	0	0	0	500
348500	348500	1	0	0	0	0	500
124000	124000	1	0	0	0	0	500
578000	578000	1	0	0	0	0	500
277500	277500	1	0	0	0	0	500
578500	578500	1	0	0	0	0	500
428000	428000	1	0	0	0	0	500
45500	45500	1	0	0	0	0	500
579000	579000	1	0	0	0	0	500
428500	428500	1	0	0	0	0	500
46000	46000	1	0	0	0	0	500
124500	124500	1	0	0	0	0	500
278000	278000	1	0	0	0	0	500
429000	429000	1	0	0	0	0	500
204500	204500	1	0	0	0	0	500
496500	496500	1	0	0	0	0	500
125000	125000	1	0	0	0	0	500
278500	278500	1	0	0	0	0	500
579500	579500	1	0	0	0	0	500
349000	349000	1	0	0	0	0	500
349500	349500	1	0	0	0	0	500
279000	279000	1	0	0	0	0	500
580000	580000	1	0	0	0	0	500
205000	205000	1	0	0	0	0	500
580500	580500	1	0	0	0	0	500
279500	279500	1	0	0	0	0	500
125500	125500	1	0	0	0	0	500
280000	280000	1	0	0	0	0	500
46500	46500	1	0	0	0	0	500
350000	350000	1	0	0	0	0	500
581000	581000	1	0	0	0	0	500
126000	126000	1	0	0	0	0	500
497000	497000	1	0	0	0	0	500
280500	280500	1	0	0	0	0	500
429500	429500	1	0	0	0	0	500
350500	350500	1	0	0	0	0	500
581500	581500	1	0	0	0	0	500
497500	497500	1	0	0	0	0	500
430000	430000	1	0	0	0	0	500
47000	47000	1	0	0	0	0	500
281000	281000	1	0	0	0	0	500
582000	582000	1	0	0	0	0	500
47500	47500	1	0	0	0	0	500
582500	582500	1	0	0	0	0	500
48000	48000	1	0	0	0	0	500
205500	205500	1	0	0	0	0	500
48500	48500	1	0	0	0	0	500
583000	583000	1	0	0	0	0	500
49000	49000	1	0	0	0	0	500
430500	430500	1	0	0	0	0	500
281500	281500	1	0	0	0	0	500
126500	126500	1	0	0	0	0	500
351000	351000	1	0	0	0	0	500
49500	49500	1	0	0	0	0	500
498000	498000	1	0	0	0	0	500
206000	206000	1	0	0	0	0	500
583500	583500	1	0	0	0	0	500
584000	584000	1	0	0	0	0	500
127000	127000	1	0	0	0	0	500
282000	282000	1	0	0	0	0	500
351500	351500	1	0	0	0	0	500
584500	584500	1	0	0	0	0	500
431000	431000	1	0	0	0	0	500
50000	50000	1	0	0	0	0	500
206500	206500	1	0	0	0	0	500
498500	498500	1	0	0	0	0	500
585000	585000	1	0	0	0	0	500
585500	585500	1	0	0	0	0	500
50500	50500	1	0	0	0	0	500
207000	207000	1	0	0	0	0	500
282500	282500	1	0	0	0	0	500
207500	207500	1	0	0	0	0	500
127500	127500	1	0	0	0	0	500
586000	586000	1	0	0	0	0	500
499000	499000	1	0	0	0	0	500
51000	51000	1	0	0	0	0	500
586500	586500	1	0	0	0	0	500
208000	208000	1	0	0	0	0	500
128000	128000	1	0	0	0	0	500
128500	128500	1	0	0	0	0	500
431500	431500	1	0	0	0	0	500
283000	283000	1	0	0	0	0	500
587000	587000	1	0	0	0	0	500
129000	129000	1	0	0	0	0	500
587500	587500	1	0	0	0	0	500
129500	129500	1	0	0	0	0	500
499500	499500	1	0	0	0	0	500
588000	588000	1	0	0	0	0	500
500000	500000	1	0	0	0	0	500
130000	130000	1	0	0	0	0	500
432000	432000	1	0	0	0	0	500
208500	208500	1	0	0	0	0	500
588500	588500	1	0	0	0	0	500
283500	283500	1	0	0	0	0	500
589000	589000	1	0	0	0	0	500
284000	284000	1	0	0	0	0	500
432500	432500	1	0	0	0	0	500
130500	130500	1	0	0	0	0	500
589500	589500	1	0	0	0	0	500
51500	51500	1	0	0	0	0	500
500500	500500	1	0	0	0	0	500
52000	52000	1	0	0	0	0	500
209000	209000	1	0	0	0	0	500
284500	284500	1	0	0	0	0	500
52500	52500	1	0	0	0	0	500
590000	590000	1	0	0	0	0	500
590500	590500	1	0	0	0	0	500
501000	501000	1	0	0	0	0	500
209500	209500	1	0	0	0	0	500
131000	131000	1	0	0	0	0	500
501500	501500	1	0	0	0	0	500
131500	131500	1	0	0	0	0	500
53000	53000	1	0	0	0	0	500
591000	591000	1	0	0	0	0	500
285000	285000	1	0	0	0	0	500
433000	433000	1	0	0	0	0	500
210000	210000	1	0	0	0	0	500
285500	285500	1	0	0	0	0	500
210500	210500	1	0	0	0	0	500
132000	132000	1	0	0	0	0	500
591500	591500	1	0	0	0	0	500
286000	286000	1	0	0	0	0	500
502000	502000	1	0	0	0	0	500
592000	592000	1	0	0	0	0	500
352000	352000	1	0	0	0	0	500
592500	592500	1	0	0	0	0	500
53500	53500	1	0	0	0	0	500
593000	593000	1	0	0	0	0	500
433500	433500	1	0	0	0	0	500
286500	286500	1	0	0	0	0	500
434000	434000	1	0	0	0	0	500
593500	593500	1	0	0	0	0	500
132500	132500	1	0	0	0	0	500
352500	352500	1	0	0	0	0	500
211000	211000	1	0	0	0	0	500
594000	594000	1	0	0	0	0	500
502500	502500	1	0	0	0	0	500
287000	287000	1	0	0	0	0	500
594500	594500	1	0	0	0	0	500
595000	595000	1	0	0	0	0	500
133000	133000	1	0	0	0	0	500
595500	595500	1	0	0	0	0	500
54000	54000	1	0	0	0	0	500
434500	434500	1	0	0	0	0	500
287500	287500	1	0	0	0	0	500
211500	211500	1	0	0	0	0	500
133500	133500	1	0	0	0	0	500
212000	212000	1	0	0	0	0	500
596000	596000	1	0	0	0	0	500
503000	503000	1	0	0	0	0	500
54500	54500	1	0	0	0	0	500
353000	353000	1	0	0	0	0	500
435000	435000	1	0	0	0	0	500
288000	288000	1	0	0	0	0	500
134000	134000	1	0	0	0	0	500
596500	596500	1	0	0	0	0	500
503500	503500	1	0	0	0	0	500
353500	353500	1	0	0	0	0	500
597000	597000	1	0	0	0	0	500
212500	212500	1	0	0	0	0	500
354000	354000	1	0	0	0	0	500
435500	435500	1	0	0	0	0	500
134500	134500	1	0	0	0	0	500
213000	213000	1	0	0	0	0	500
55000	55000	1	0	0	0	0	500
597500	597500	1	0	0	0	0	500
135000	135000	1	0	0	0	0	500
213500	213500	1	0	0	0	0	500
214000	214000	1	0	0	0	0	500
214500	214500	1	0	0	0	0	500
288500	288500	1	0	0	0	0	500
289000	289000	1	0	0	0	0	500
135500	135500	1	0	0	0	0	500
354500	354500	1	0	0	0	0	500
598000	598000	1	0	0	0	0	500
504000	504000	1	0	0	0	0	500
436000	436000	1	0	0	0	0	500
436500	436500	1	0	0	0	0	500
215000	215000	1	0	0	0	0	500
598500	598500	1	0	0	0	0	500
55500	55500	1	0	0	0	0	500
599000	599000	1	0	0	0	0	500
437000	437000	1	0	0	0	0	500
355000	355000	1	0	0	0	0	500
289500	289500	1	0	0	0	0	500
599500	599500	1	0	0	0	0	500
56000	56000	1	0	0	0	0	500
504500	504500	1	0	0	0	0	500
600000	600000	1	0	0	0	0	500
136000	136000	1	0	0	0	0	500
437500	437500	1	0	0	0	0	500
290000	290000	1	0	0	0	0	500
355500	355500	1	0	0	0	0	500
215500	215500	1	0	0	0	0	500
600500	600500	1	0	0	0	0	500
438000	438000	1	0	0	0	0	500
505000	505000	1	0	0	0	0	500
216000	216000	1	0	0	0	0	500
290500	290500	1	0	0	0	0	500
136500	136500	1	0	0	0	0	500
216500	216500	1	0	0	0	0	500
356000	356000	1	0	0	0	0	500
505500	505500	1	0	0	0	0	500
56500	56500	1	0	0	0	0	500
506000	506000	1	0	0	0	0	500
438500	438500	1	0	0	0	0	500
356500	356500	1	0	0	0	0	500
357000	357000	1	0	0	0	0	500
137000	137000	1	0	0	0	0	500
57000	57000	1	0	0	0	0	500
291000	291000	1	0	0	0	0	500
357500	357500	1	0	0	0	0	500
506500	506500	1	0	0	0	0	500
217000	217000	1	0	0	0	0	500
439000	439000	1	0	0	0	0	500
57500	57500	1	0	0	0	0	500
137500	137500	1	0	0	0	0	500
507000	507000	1	0	0	0	0	500
358000	358000	1	0	0	0	0	500
358500	358500	1	0	0	0	0	500
507500	507500	1	0	0	0	0	500
138000	138000	1	0	0	0	0	500
58000	58000	1	0	0	0	0	500
138500	138500	1	0	0	0	0	500
291500	291500	1	0	0	0	0	500
139000	139000	1	0	0	0	0	500
439500	439500	1	0	0	0	0	500
58500	58500	1	0	0	0	0	500
508000	508000	1	0	0	0	0	500
292000	292000	1	0	0	0	0	500
217500	217500	1	0	0	0	0	500
359000	359000	1	0	0	0	0	500
292500	292500	1	0	0	0	0	500
440000	440000	1	0	0	0	0	500
218000	218000	1	0	0	0	0	500
359500	359500	1	0	0	0	0	500
360000	360000	1	0	0	0	0	500
59000	59000	1	0	0	0	0	500
508500	508500	1	0	0	0	0	500
293000	293000	1	0	0	0	0	500
139500	139500	1	0	0	0	0	500
293500	293500	1	0	0	0	0	500
360500	360500	1	0	0	0	0	500
440500	440500	1	0	0	0	0	500
509000	509000	1	0	0	0	0	500
294000	294000	1	0	0	0	0	500
509500	509500	1	0	0	0	0	500
59500	59500	1	0	0	0	0	500
441000	441000	1	0	0	0	0	500
140000	140000	1	0	0	0	0	500
60000	60000	1	0	0	0	0	500
218500	218500	1	0	0	0	0	500
361000	361000	1	0	0	0	0	500
441500	441500	1	0	0	0	0	500
140500	140500	1	0	0	0	0	500
361500	361500	1	0	0	0	0	500
60500	60500	1	0	0	0	0	500
442000	442000	1	0	0	0	0	500
219000	219000	1	0	0	0	0	500
294500	294500	1	0	0	0	0	500
510000	510000	1	0	0	0	0	500
61000	61000	1	0	0	0	0	500
442500	442500	1	0	0	0	0	500
141000	141000	1	0	0	0	0	500
362000	362000	1	0	0	0	0	500
61500	61500	1	0	0	0	0	500
219500	219500	1	0	0	0	0	500
141500	141500	1	0	0	0	0	500
295000	295000	1	0	0	0	0	500
443000	443000	1	0	0	0	0	500
142000	142000	1	0	0	0	0	500
510500	510500	1	0	0	0	0	500
220000	220000	1	0	0	0	0	500
62000	62000	1	0	0	0	0	500
362500	362500	1	0	0	0	0	500
220500	220500	1	0	0	0	0	500
511000	511000	1	0	0	0	0	500
363000	363000	1	0	0	0	0	500
363500	363500	1	0	0	0	0	500
443500	443500	1	0	0	0	0	500
295500	295500	1	0	0	0	0	500
142500	142500	1	0	0	0	0	500
221000	221000	1	0	0	0	0	500
364000	364000	1	0	0	0	0	500
511500	511500	1	0	0	0	0	500
444000	444000	1	0	0	0	0	500
143000	143000	1	0	0	0	0	500
296000	296000	1	0	0	0	0	500
512000	512000	1	0	0	0	0	500
143500	143500	1	0	0	0	0	500
296500	296500	1	0	0	0	0	500
144000	144000	1	0	0	0	0	500
364500	364500	1	0	0	0	0	500
62500	62500	1	0	0	0	0	500
63000	63000	1	0	0	0	0	500
444500	444500	1	0	0	0	0	500
144500	144500	1	0	0	0	0	500
445000	445000	1	0	0	0	0	500
221500	221500	1	0	0	0	0	500
145000	145000	1	0	0	0	0	500
512500	512500	1	0	0	0	0	500
222000	222000	1	0	0	0	0	500
297000	297000	1	0	0	0	0	500
365000	365000	1	0	0	0	0	500
513000	513000	1	0	0	0	0	500
445500	445500	1	0	0	0	0	500
145500	145500	1	0	0	0	0	500
297500	297500	1	0	0	0	0	500
513500	513500	1	0	0	0	0	500
446000	446000	1	0	0	0	0	500
63500	63500	1	0	0	0	0	500
64000	64000	1	0	0	0	0	500
222500	222500	1	0	0	0	0	500
298000	298000	1	0	0	0	0	500
146000	146000	1	0	0	0	0	500
514000	514000	1	0	0	0	0	500
146500	146500	1	0	0	0	0	500
446500	446500	1	0	0	0	0	500
365500	365500	1	0	0	0	0	500
223000	223000	1	0	0	0	0	500
147000	147000	1	0	0	0	0	500
64500	64500	1	0	0	0	0	500
65000	65000	1	0	0	0	0	500
366000	366000	1	0	0	0	0	500
298500	298500	1	0	0	0	0	500
447000	447000	1	0	0	0	0	500
65500	65500	1	0	0	0	0	500
514500	514500	1	0	0	0	0	500
223500	223500	1	0	0	0	0	500
147500	147500	1	0	0	0	0	500
447500	447500	1	0	0	0	0	500
515000	515000	1	0	0	0	0	500
366500	366500	1	0	0	0	0	500
66000	66000	1	0	0	0	0	500
66500	66500	1	0	0	0	0	500
224000	224000	1	0	0	0	0	500
299000	299000	1	0	0	0	0	500
367000	367000	1	0	0	0	0	500
448000	448000	1	0	0	0	0	500
224500	224500	1	0	0	0	0	500
515500	515500	1	0	0	0	0	500
516000	516000	1	0	0	0	0	500
448500	448500	1	0	0	0	0	500
225000	225000	1	0	0	0	0	500
148000	148000	1	0	0	0	0	500
67000	67000	1	0	0	0	0	500
148500	148500	1	0	0	0	0	500
367500	367500	1	0	0	0	0	500
299500	299500	1	0	0	0	0	500
449000	449000	1	0	0	0	0	500
449500	449500	1	0	0	0	0	500
149000	149000	1	0	0	0	0	500
450000	450000	1	0	0	0	0	500
67500	67500	1	0	0	0	0	500
516500	516500	1	0	0	0	0	500
149500	149500	1	0	0	0	0	500
300000	300000	1	0	0	0	0	500
368000	368000	1	0	0	0	0	500
150000	150000	1	0	0	0	0	500
368500	368500	1	0	0	0	0	500
517000	517000	1	0	0	0	0	500
68000	68000	1	0	0	0	0	500
68500	68500	1	0	0	0	0	500
369000	369000	1	0	0	0	0	500
369500	369500	1	0	0	0	0	500
517500	517500	1	0	0	0	0	500
69000	69000	1	0	0	0	0	500
370000	370000	1	0	0	0	0	500
518000	518000	1	0	0	0	0	500
370500	370500	1	0	0	0	0	500
371000	371000	1	0	0	0	0	500
518500	518500	1	0	0	0	0	500
519000	519000	1	0	0	0	0	500
519500	519500	1	0	0	0	0	500
371500	371500	1	0	0	0	0	500
372000	372000	1	0	0	0	0	500
69500	69500	1	0	0	0	0	500
372500	372500	1	0	0	0	0	500
520000	520000	1	0	0	0	0	500
70000	70000	1	0	0	0	0	500
70500	70500	1	0	0	0	0	500
373000	373000	1	0	0	0	0	500
520500	520500	1	0	0	0	0	500
71000	71000	1	0	0	0	0	500
71500	71500	1	0	0	0	0	500
373500	373500	1	0	0	0	0	500
521000	521000	1	0	0	0	0	500
374000	374000	1	0	0	0	0	500
72000	72000	1	0	0	0	0	500
374500	374500	1	0	0	0	0	500
72500	72500	1	0	0	0	0	500
375000	375000	1	0	0	0	0	500
521500	521500	1	0	0	0	0	500
73000	73000	1	0	0	0	0	500
73500	73500	1	0	0	0	0	500
522000	522000	1	0	0	0	0	500
522500	522500	1	0	0	0	0	500
523000	523000	1	0	0	0	0	500
523500	523500	1	0	0	0	0	500
74000	74000	1	0	0	0	0	500
524000	524000	1	0	0	0	0	500
524500	524500	1	0	0	0	0	500
74500	74500	1	0	0	0	0	500
525000	525000	1	0	0	0	0	500
525500	525500	1	0	0	0	0	500
75000	75000	1	0	0	0	0	500
