hhno	fraction_with_jobs_outside	hhsize	hhvehs	hhwkrs	hhftw	hhptw	hhret	hhoad	hhuni	hhhsc	hh515	hhcu5	hhincome	hownrent	hrestype	hhparcel	zone_id	hhtaz	hhexpfac	samptype
225500	0.046	1	1	1	1	0	0	0	0	0	0	0	27800	2	3	4242	810	811	500	11
150500	0	2	2	1	1	0	0	1	0	0	0	0	92556	1	1	5933	586	587	500	11
500	0	1	1	0	0	0	1	0	0	0	0	0	17331	1	1	22	2272	2273	500	11
375500	0.112	1	1	0	0	0	1	0	0	0	0	0	16583	2	3	32024	1924	1925	500	11
300500	0.024	3	3	2	1	0	0	0	1	0	0	1	44419	1	1	20638	1735	1736	500	11
526000	0	4	2	1	1	0	0	1	0	0	1	1	64161	2	3	19033	2390	2391	500	11
376000	0	1	0	0	0	0	0	0	1	0	0	0	39484	2	3	32045	1939	1940	500	11
226000	0	2	2	1	0	1	0	1	0	0	0	0	132582	1	1	4255	800	801	500	11
75500	0	3	2	3	2	0	0	0	1	0	0	0	66039	1	1	1869	2213	2214	500	11
151000	0.166	2	2	0	0	0	2	0	0	0	0	0	37529	1	1	5945	580	581	500	11
301000	0	4	2	1	0	1	0	2	1	0	0	0	36174	1	1	20683	1747	1748	500	11
226500	0	2	1	0	0	0	2	0	0	0	0	0	30403	1	1	4264	799	800	500	11
1000	0	3	2	2	2	0	0	0	0	0	1	0	92787	1	1	38	2271	2272	500	11
151500	0	1	1	1	1	0	0	0	0	0	0	0	25768	1	1	5975	590	591	500	11
152000	0.166	1	1	0	0	0	1	0	0	0	0	0	8292	2	3	5996	583	584	500	11
76000	0	2	2	1	1	0	0	1	0	0	0	0	55599	1	1	1891	2094	2095	500	11
450500	0	4	2	1	1	0	0	1	0	0	2	0	339872	1	1	24199	23	24	500	11
227000	0.047	3	2	1	1	0	1	1	0	0	0	0	44623	1	3	4282	835	836	500	11
451000	0	1	1	1	1	0	0	0	0	0	0	0	37591	2	3	24205	20	21	500	11
526500	0	2	2	2	2	0	0	0	0	0	0	0	64007	2	3	19043	2502	2503	500	11
152500	0	1	1	0	0	0	0	1	0	0	0	0	38693	2	3	6014	1173	1174	500	11
527000	0	2	2	0	0	0	2	0	0	0	0	0	175730	1	1	19059	2368	2369	500	11
451500	0	2	2	0	0	0	2	0	0	0	0	0	25270	1	1	24216	25	26	500	11
227500	0.087	1	0	0	0	0	1	0	0	0	0	0	7417	2	3	4291	767	768	500	11
228000	0.087	1	1	1	1	0	0	0	0	0	0	0	47438	2	3	4299	765	766	500	11
301500	0.055	4	2	2	2	0	0	0	0	0	0	2	32377	1	1	20746	1766	1767	500	11
452000	0	1	1	1	1	0	0	0	0	0	0	0	15240	2	3	24259	1048	1049	500	11
76500	0	3	4	3	2	1	0	0	0	0	0	0	105916	1	1	1920	2096	2097	500	11
452500	0.053	1	0	0	0	0	1	0	0	0	0	0	62286	2	3	24308	57	58	500	11
77000	0	1	1	0	0	0	1	0	0	0	0	0	18711	1	1	1950	2088	2089	500	11
228500	0.087	2	4	1	1	0	0	1	0	0	0	0	41251	2	1	4312	759	760	500	11
1500	0	4	2	2	1	1	0	0	0	0	2	0	87675	1	1	60	2269	2270	500	11
376500	0.031	3	2	1	1	0	0	1	0	0	1	0	22352	1	1	32073	1652	1653	500	11
302000	0.055	2	2	1	1	0	0	1	0	0	0	0	87374	1	1	20775	1762	1763	500	11
153000	0	2	2	0	0	0	1	1	0	0	0	0	87260	1	1	6019	1173	1174	500	11
453000	0.053	2	2	1	1	0	0	1	0	0	0	0	27800	2	1	24317	58	59	500	11
77500	0	3	3	1	1	0	1	1	0	0	0	0	90517	1	1	1980	2054	2055	500	11
229000	0.061	3	3	1	0	1	0	1	0	0	1	0	2217	2	3	4396	357	358	500	11
153500	0.042	2	2	0	0	0	1	1	0	0	0	0	9476	1	1	6022	1138	1139	500	11
2000	0	3	2	1	1	0	0	1	0	0	0	1	101740	1	1	82	2267	2268	500	11
453500	0	2	3	1	1	0	0	1	0	0	0	0	97298	1	1	24330	29	30	500	11
78000	0.198	2	4	0	0	0	2	0	0	0	0	0	19346	1	1	2020	2115	2116	500	11
78500	0.235	2	2	1	1	0	0	1	0	0	0	0	51564	1	1	2044	2058	2059	500	11
377000	0.031	3	3	3	2	0	0	0	0	1	0	0	62010	1	1	32102	1647	1648	500	11
2500	0	2	2	2	2	0	0	0	0	0	0	0	78968	1	1	93	2268	2269	500	11
454000	0	2	2	2	2	0	0	0	0	0	0	0	197377	1	1	24352	8	9	500	11
302500	0	5	3	1	1	0	0	1	0	2	1	0	46735	1	1	20798	1676	1677	500	11
3000	0	1	1	0	0	0	0	1	0	0	0	0	8019	2	3	109	2287	2288	500	11
229500	0.061	2	4	1	1	0	0	1	0	0	0	0	29624	2	3	4441	358	359	500	11
527500	0.173	5	2	4	3	0	0	0	2	0	0	0	104793	2	1	19147	2438	2439	500	11
79000	0.235	4	2	2	2	0	0	0	0	0	0	2	87374	1	1	2081	2057	2058	500	11
528000	0	2	1	0	0	0	2	0	0	0	0	0	25603	1	4	19263	2489	2490	500	11
303000	0	2	1	1	1	0	0	0	0	0	1	0	56720	1	1	20815	1768	1769	500	11
230000	0.061	2	1	0	0	0	2	0	0	0	0	0	11344	1	1	4502	353	354	500	11
154000	0	4	3	4	3	0	0	0	0	1	0	0	80547	1	1	6039	1175	1176	500	11
230500	0	1	1	1	1	0	0	0	0	0	0	0	65496	1	1	4546	365	366	500	11
528500	0	2	2	2	1	0	0	0	1	0	0	0	35269	1	1	19277	2490	2491	500	11
377500	0	5	2	1	1	0	0	1	0	0	0	3	29613	2	1	32135	1657	1658	500	11
3500	0	5	2	1	1	0	0	1	0	0	0	3	54657	1	1	129	2285	2286	500	11
231000	0	1	2	1	1	0	0	0	0	0	0	0	103785	1	1	4556	365	366	500	11
529000	0	1	1	1	1	0	0	0	0	0	0	0	64145	1	1	19301	2500	2501	500	11
529500	0	2	2	0	0	0	2	0	0	0	0	0	70331	1	1	19340	2308	2309	500	11
303500	0.031	4	2	2	2	0	0	0	0	0	0	2	93205	1	1	20838	1644	1645	500	11
4000	0.141	3	3	1	1	0	0	2	0	0	0	0	37795	1	1	172	2295	2296	500	11
154500	0	3	3	2	1	1	0	0	0	0	1	0	85596	1	1	6067	1153	1154	500	11
454500	0	5	4	3	3	0	0	1	0	0	0	1	37896	2	3	24387	1046	1047	500	11
79500	0.132	6	2	1	1	0	0	1	0	0	1	3	70534	1	1	2140	2082	2083	500	11
530000	0	2	3	1	1	0	0	1	0	0	0	0	217701	1	1	19415	2546	2547	500	11
378000	0	2	2	2	2	0	0	0	0	0	0	0	80439	2	3	32316	1928	1929	500	11
4500	0	1	1	1	1	0	0	0	0	0	0	0	36899	1	1	188	2288	2289	500	11
530500	0.043	2	2	1	1	0	0	1	0	0	0	0	82625	2	3	19455	2353	2354	500	11
155000	0.041	1	1	1	1	0	0	0	0	0	0	0	108581	2	3	6070	1164	1165	500	11
5000	0	1	1	1	1	0	0	0	0	0	0	0	36980	1	1	203	2288	2289	500	11
378500	0	1	1	1	0	1	0	0	0	0	0	0	11653	2	3	4903	162	163	500	11
80000	0.132	4	2	1	1	0	0	1	0	0	0	2	47358	1	1	2152	2081	2082	500	11
455000	0	4	2	1	1	0	0	1	0	0	0	2	25875	2	1	24412	1075	1076	500	11
155500	0	4	2	1	0	1	0	1	0	0	1	1	48767	2	1	6096	1182	1183	500	11
304000	0	4	2	2	2	0	0	0	0	0	2	0	85616	1	1	20908	1775	1776	500	11
379000	0	2	1	1	1	0	0	0	0	1	0	0	69091	1	1	4942	158	159	500	11
379500	0	1	1	0	0	0	1	0	0	0	0	0	15849	1	1	4978	161	162	500	11
531000	0	4	3	1	1	0	0	1	0	0	1	1	138998	1	1	19483	2349	2350	500	11
5500	0	3	2	2	2	0	0	0	0	0	1	0	115675	1	1	213	2282	2283	500	11
80500	0.14	7	4	1	1	0	0	2	0	0	3	1	31495	2	1	2226	2026	2027	500	11
380000	0.153	2	1	0	0	0	0	2	0	0	0	0	11963	2	1	5081	550	551	500	11
231500	0	5	2	2	2	0	0	0	0	1	1	1	57214	1	3	4573	364	365	500	11
455500	0.039	3	3	2	2	0	0	0	0	1	0	0	30479	1	1	24434	1065	1066	500	11
456000	0.053	1	0	0	0	0	1	0	0	0	0	0	14833	2	3	24441	60	61	500	11
156000	0	3	2	2	2	0	0	0	0	0	0	1	114010	2	2	6106	1168	1169	500	11
380500	0.153	2	2	0	0	0	2	0	0	0	0	0	66001	1	1	5096	547	548	500	11
381000	0	1	0	0	0	0	0	1	0	0	0	0	12091	2	3	5152	139	140	500	11
232000	0	2	2	1	0	1	1	0	0	0	0	0	175528	1	1	4583	723	724	500	11
232500	0	2	1	0	0	0	2	0	0	0	0	0	21261	1	1	4611	722	723	500	11
81000	0.14	3	3	2	2	0	0	0	0	0	0	1	48367	1	1	2283	2030	2031	500	11
381500	0	1	0	0	0	0	1	0	0	0	0	0	20636	1	3	5212	148	149	500	11
304500	0	3	3	2	2	0	0	0	1	0	0	0	154907	1	1	20926	1770	1771	500	11
233000	0.061	1	1	0	0	0	1	0	0	0	0	0	16021	1	3	4628	355	356	500	11
531500	0.073	2	2	2	0	2	0	0	0	0	0	0	372334	1	1	19504	2339	2340	500	11
156500	0.093	2	2	1	1	0	0	0	1	0	0	0	24235	2	3	6119	639	640	500	11
6000	0	4	2	1	1	0	0	1	0	0	2	0	90752	2	3	250	2284	2285	500	11
157000	0.093	1	0	0	0	0	1	0	0	0	0	0	10622	1	3	6146	648	649	500	11
157500	0.093	1	1	0	0	0	1	0	0	0	0	0	12375	2	3	6180	645	646	500	11
6500	0.077	1	1	0	0	0	1	0	0	0	0	0	4	2	3	262	2278	2279	500	11
81500	0.14	3	2	0	0	0	0	1	0	0	2	0	16223	2	1	2328	2036	2037	500	11
456500	0.242	3	2	3	0	0	0	0	3	0	0	0	13005	2	3	24445	50	51	500	11
233500	0	3	1	1	1	0	0	1	0	0	1	0	41699	1	1	4666	734	735	500	11
82000	0.118	1	1	0	0	0	1	0	0	0	0	0	17768	1	1	2380	2147	2148	500	11
234000	0	1	2	1	1	0	0	0	0	0	0	0	46515	1	2	4681	730	731	500	11
158000	0	2	2	0	0	0	0	1	0	0	1	0	12091	2	3	6241	601	602	500	11
457000	0	2	2	1	1	0	0	1	0	0	0	0	58807	1	1	24448	44	45	500	11
305000	0	4	3	2	2	0	0	0	0	0	1	1	92814	1	2	20935	1774	1775	500	11
7000	0.077	2	1	1	1	0	0	0	0	0	1	0	25554	2	3	288	2280	2281	500	11
305500	0	1	1	1	0	1	0	0	0	0	0	0	18563	2	3	20965	1809	1810	500	11
532000	0	5	3	1	1	0	0	1	0	0	2	1	82811	1	1	19520	2302	2303	500	11
306000	0	1	1	1	1	0	0	0	0	0	0	0	57911	2	3	20980	1814	1815	500	11
234500	0	3	2	1	1	0	0	1	0	0	0	1	76199	1	1	4697	731	732	500	11
158500	0	2	2	2	2	0	0	0	0	0	0	0	42282	1	1	6285	596	597	500	11
7500	0.077	2	2	1	1	0	0	1	0	0	0	0	68683	1	1	303	2276	2277	500	11
82500	0	4	4	3	2	1	0	0	0	0	1	0	267222	1	1	2415	2172	2173	500	11
457500	0	4	2	1	1	0	0	1	0	0	1	1	47751	2	3	24449	31	32	500	11
306500	0	2	1	1	1	0	0	0	0	0	1	0	56720	1	1	21025	1816	1817	500	11
8000	0.077	2	2	1	0	1	0	1	0	0	0	0	46098	1	1	365	2277	2278	500	11
159000	0	1	1	1	1	0	0	0	0	0	0	0	87966	1	1	6611	267	268	500	11
159500	0.102	1	1	0	0	0	1	0	0	0	0	0	18339	1	1	6635	273	274	500	11
235000	0	2	2	1	1	0	0	1	0	0	0	0	30259	2	1	4721	728	729	500	11
8500	0	1	2	1	1	0	0	0	0	0	0	0	69087	1	1	2631	2620	2621	500	11
532500	0	3	1	1	1	0	0	1	0	0	1	0	439322	1	1	19541	2311	2312	500	11
160000	0	2	2	1	1	0	0	1	0	0	0	0	56024	1	1	6878	269	270	500	11
160500	0.093	1	1	0	0	0	1	0	0	0	0	0	22974	1	1	9373	643	644	500	11
382000	0	8	4	3	2	1	0	1	0	1	1	2	34259	2	1	5246	132	133	500	11
235500	0	1	1	1	1	0	0	0	0	0	0	0	61200	2	3	4729	741	742	500	11
307000	0	3	2	2	2	0	0	0	0	0	1	0	67695	1	1	21059	1757	1758	500	11
458000	0	4	2	1	1	0	0	1	0	0	0	2	13614	2	3	24457	31	32	500	11
533000	0	2	2	0	0	0	2	0	0	0	0	0	36095	1	1	19557	2311	2312	500	11
83000	0	4	2	1	1	0	0	1	0	0	2	0	29938	1	4	2439	2166	2167	500	11
236000	0	2	2	1	1	0	0	1	0	0	0	0	30403	2	2	5783	862	863	500	11
382500	0	1	1	1	1	0	0	0	0	0	0	0	46735	1	2	5305	528	529	500	11
458500	0	1	1	1	1	0	0	0	0	0	0	0	26813	2	3	24467	36	37	500	11
83500	0.059	1	1	1	1	0	0	0	0	0	0	0	33001	2	3	2459	2137	2138	500	11
9000	0.033	4	3	2	2	0	1	0	0	0	1	0	59029	1	1	2667	2612	2613	500	11
84000	0.059	2	1	0	0	0	1	1	0	0	0	0	18952	1	1	2487	2146	2147	500	11
9500	0.033	1	2	0	0	0	0	1	0	0	0	0	15114	2	3	2701	2614	2615	500	11
383000	0	1	1	1	1	0	0	0	0	0	0	0	37422	1	1	6220	651	652	500	11
161000	0	4	4	3	1	0	0	1	2	0	0	0	49676	2	4	9719	291	292	500	11
533500	0	4	2	1	1	0	0	1	0	0	0	2	50799	1	1	19573	2522	2523	500	11
383500	0	1	1	1	1	0	0	0	0	0	0	0	28447	1	1	6513	529	530	500	11
307500	0	6	1	0	0	0	0	1	0	1	4	0	4277	2	1	21094	1756	1757	500	11
459000	0	4	4	4	4	0	0	0	0	0	0	0	64474	2	3	24471	36	37	500	11
236500	0	3	1	2	1	0	0	0	0	1	1	0	48470	1	1	5792	864	865	500	11
10000	0.04	3	2	2	2	0	0	0	0	0	1	0	179829	1	1	2717	2726	2727	500	11
84500	0.197	5	1	1	1	0	0	0	0	2	2	0	12832	1	2	2535	2017	2018	500	11
161500	0.061	2	2	2	2	0	0	0	0	0	0	0	119645	1	1	9793	279	280	500	11
459500	0.058	1	1	1	1	0	0	0	0	0	0	0	36575	2	3	24479	70	71	500	11
460000	0.058	2	3	2	2	0	0	0	0	0	0	0	92701	2	3	24480	70	71	500	11
534000	0	2	2	2	2	0	0	0	0	0	0	0	49501	2	3	19588	2526	2527	500	11
237000	0	1	1	1	1	0	0	0	0	0	0	0	24057	2	3	8516	740	741	500	11
162000	0	1	2	1	1	0	0	0	0	0	0	0	61876	1	2	9809	593	594	500	11
10500	0.033	2	2	1	1	0	1	0	0	0	0	0	25875	2	1	2750	2611	2612	500	11
460500	0	1	2	1	1	0	0	0	0	0	0	0	74032	1	1	24503	1051	1052	500	11
534500	0	1	1	1	1	0	0	0	0	0	0	0	31587	2	3	19655	2540	2541	500	11
11000	0.04	2	2	1	1	0	0	1	0	0	0	0	93021	3	4	2791	2717	2718	500	11
384000	0	4	1	2	2	0	0	1	0	0	1	0	75589	2	3	9266	253	254	500	11
461000	0	1	0	1	1	0	0	0	0	0	0	0	86358	2	3	24522	1056	1057	500	11
11500	0.04	1	1	0	0	0	1	0	0	0	0	0	35536	1	1	2797	2717	2718	500	11
535000	0	3	2	1	1	0	0	1	0	0	0	1	53461	1	1	19697	2509	2510	500	11
237500	0	2	2	2	2	0	0	0	0	0	0	0	69097	1	1	8522	725	726	500	11
384500	0	2	0	0	0	0	0	2	0	0	0	0	12931	2	1	9342	654	655	500	11
162500	0	2	3	2	1	0	0	0	1	0	0	0	30229	1	1	9831	589	590	500	11
461500	0.039	1	1	1	1	0	0	0	0	0	0	0	30229	2	3	24538	1062	1063	500	11
308000	0	5	1	2	2	0	0	0	0	2	1	0	96940	1	1	21104	1758	1759	500	11
12000	0	2	3	1	1	0	0	1	0	0	0	0	108284	1	1	2837	2653	2654	500	11
462000	0	2	1	0	0	0	1	1	0	0	0	0	9673	1	1	24548	1070	1071	500	11
12500	0.033	2	2	0	0	0	2	0	0	0	0	0	44654	1	1	2883	2610	2611	500	11
535500	0	3	4	1	1	0	0	1	0	0	0	1	113522	2	3	19714	2509	2510	500	11
308500	0	2	2	1	1	0	0	0	0	0	0	1	40305	1	1	21109	1752	1753	500	11
536000	0	1	0	0	0	0	1	0	0	0	0	0	9476	2	3	19765	2495	2496	500	11
536500	0	1	1	0	0	0	1	0	0	0	0	0	9476	2	3	19799	2501	2502	500	11
163000	0.042	2	2	1	1	0	1	0	0	0	0	0	79924	1	1	9855	1137	1138	500	11
13000	0	1	1	0	0	0	1	0	0	0	0	0	37795	1	1	2933	2650	2651	500	11
462500	0.039	2	4	1	1	0	0	0	1	0	0	0	20315	2	3	24582	1061	1062	500	11
537000	0	1	1	1	1	0	0	0	0	0	0	0	34053	2	3	19833	2518	2519	500	11
238000	0	2	2	2	1	0	0	0	1	0	0	0	33830	2	3	8530	756	757	500	11
85000	0.063	4	3	3	1	1	0	0	1	0	1	0	80191	1	1	6653	2265	2266	500	11
309000	0	2	2	2	2	0	0	0	0	0	0	0	130971	1	1	21132	1753	1754	500	11
85500	0.14	1	1	1	1	0	0	0	0	0	0	0	76994	1	1	6654	2251	2252	500	11
86000	0.14	1	1	1	1	0	0	0	0	0	0	0	29613	1	1	6666	2250	2251	500	11
163500	0.042	3	2	0	0	0	0	2	0	1	0	0	218755	1	4	9858	1137	1138	500	11
385000	0	4	2	2	2	0	0	0	0	0	0	2	282272	1	1	9430	553	554	500	11
537500	0	2	3	2	2	0	0	0	0	0	0	0	474795	1	1	19858	2519	2520	500	11
238500	0.089	3	2	2	2	0	0	0	0	0	0	1	96518	1	1	8566	819	820	500	11
13500	0	5	1	1	1	0	0	1	0	0	1	2	34259	1	1	2951	2652	2653	500	11
463000	0.039	4	4	3	3	0	0	1	0	0	0	0	21716	2	3	24586	1061	1062	500	11
538000	0	2	1	0	0	0	2	0	0	0	0	0	33787	3	1	19873	2524	2525	500	11
14000	0	2	2	0	0	0	2	0	0	0	0	0	10858	1	1	3003	2628	2629	500	11
86500	0.063	2	2	1	1	0	0	0	0	1	0	0	83903	2	3	6684	2266	2267	500	11
164000	0	1	1	1	1	0	0	0	0	0	0	0	132687	1	1	9876	1147	1148	500	11
309500	0	2	2	2	2	0	0	0	0	0	0	0	79122	1	1	21174	1665	1666	500	11
164500	0	2	2	1	1	0	1	0	0	0	0	0	393388	1	1	9903	1157	1158	500	11
310000	0	1	3	1	1	0	0	0	0	0	0	0	79955	1	1	21192	1754	1755	500	11
385500	0	3	3	2	1	1	1	0	0	0	0	0	63600	1	1	9452	544	545	500	11
165000	0.041	1	1	0	0	0	0	0	1	0	0	0	0	2	3	9912	1162	1163	500	11
14500	0	2	3	1	0	1	1	0	0	0	0	0	42366	1	1	3077	2643	2644	500	11
538500	0	2	4	2	2	0	0	0	0	0	0	0	65840	1	1	19891	2525	2526	500	11
463500	0	3	3	3	2	0	0	0	1	0	0	0	97455	1	1	24606	49	50	500	11
87000	0.111	3	2	2	2	0	0	0	0	0	0	1	61361	1	1	6700	2245	2246	500	11
310500	0	2	2	2	1	0	0	0	0	1	0	0	68603	2	3	21597	1662	1663	500	11
464000	0	1	1	1	1	0	0	0	0	0	0	0	33252	2	3	24614	61	62	500	11
464500	0	1	1	0	0	0	1	0	0	0	0	0	17780	1	2	24623	68	69	500	11
465000	0	2	2	0	0	0	0	2	0	0	0	0	310936	1	1	24634	67	68	500	11
165500	0	3	2	2	2	0	0	0	0	0	0	1	84553	2	3	9917	1190	1191	500	11
465500	0	1	1	0	0	0	1	0	0	0	0	0	171701	1	1	26898	1240	1241	500	11
386000	0	4	2	1	1	0	0	1	0	0	2	0	321757	1	1	9459	542	543	500	11
87500	0	2	2	1	1	0	0	1	0	0	0	0	108525	1	1	6719	2195	2196	500	11
239000	0	6	3	2	2	0	0	0	0	1	3	0	66291	1	1	9141	860	861	500	11
311000	0.081	3	2	2	2	0	0	0	0	0	0	1	68064	1	1	23553	1636	1637	500	11
311500	0.081	1	1	0	0	0	1	0	0	0	0	0	9623	3	1	23571	1641	1642	500	11
539000	0	4	2	2	2	0	0	1	0	0	1	0	112529	1	1	19920	2505	2506	500	11
386500	0	2	4	2	2	0	0	0	0	0	0	0	94893	1	1	9468	542	543	500	11
15000	0	3	3	2	1	1	0	0	1	0	0	0	29768	1	1	3109	2649	2650	500	11
166000	0	4	1	1	0	0	0	0	2	0	1	1	7960	2	3	9920	1190	1191	500	11
312000	0	1	1	1	0	1	0	0	0	0	0	0	17768	2	3	23594	1663	1664	500	11
387000	0	2	1	1	1	0	0	1	0	0	0	0	42248	2	3	9531	127	128	500	11
466000	0	4	2	1	1	0	0	1	0	1	1	0	258620	1	1	26935	1239	1240	500	11
166500	0	1	1	1	0	1	0	0	0	0	0	0	39297	1	1	9937	1181	1182	500	11
387500	0	1	0	1	1	0	0	0	0	0	0	0	42769	1	2	9548	128	129	500	11
312500	0	1	1	1	1	0	0	0	0	0	0	0	151144	1	1	25487	1843	1844	500	11
313000	0	1	1	1	1	0	0	0	0	0	0	0	67392	2	3	25518	1838	1839	500	11
88000	0	3	4	2	2	0	0	1	0	0	0	0	90023	1	1	6730	2223	2224	500	11
388000	0	1	1	1	1	0	0	0	0	0	0	0	53303	2	3	10444	125	126	500	11
88500	0	2	0	0	0	0	0	1	0	0	1	0	0	2	3	6781	2204	2205	500	11
15500	0	4	2	1	1	0	0	0	1	0	1	1	66302	1	1	3130	2644	2645	500	11
466500	0	3	2	1	1	0	0	0	0	0	2	0	106068	1	1	27005	1242	1243	500	11
313500	0	6	2	0	0	0	0	2	1	1	2	0	0	1	1	25535	1844	1845	500	11
239500	0	7	2	1	1	0	0	1	0	0	4	1	48264	1	1	9143	860	861	500	11
167000	0	3	2	2	2	0	0	0	0	0	0	1	98368	1	1	9955	1169	1170	500	11
388500	0	2	2	2	2	0	0	0	0	0	0	0	136966	1	3	21781	1022	1023	500	11
467000	0	2	2	1	0	1	1	0	0	0	0	0	123387	1	1	27087	1234	1235	500	11
240000	0	1	1	1	1	0	0	0	0	0	0	0	25400	1	2	9154	815	816	500	11
539500	0	6	3	4	4	0	0	0	0	0	0	2	332226	1	1	19946	2514	2515	500	11
314000	0.036	2	2	0	0	0	2	0	0	0	0	0	88896	1	1	25572	1682	1683	500	11
240500	0	1	0	0	0	0	1	0	0	0	0	0	9623	3	1	9177	735	736	500	11
16000	0	4	1	1	1	0	0	1	0	0	2	0	0	2	1	3142	2664	2665	500	11
314500	0	1	1	0	0	0	1	0	0	0	0	0	16386	1	1	25620	2009	2010	500	11
389000	0	1	1	1	1	0	0	0	0	0	0	0	47794	2	1	21874	1021	1022	500	11
89000	0	4	2	2	2	0	0	0	0	0	2	0	267203	1	1	6809	2190	2191	500	11
315000	0	2	1	0	0	0	0	0	1	1	0	0	15611	2	3	25651	1996	1997	500	11
540000	0.043	2	2	2	2	0	0	0	0	0	0	0	175316	1	3	20097	2356	2357	500	11
540500	0.043	2	3	1	1	0	0	1	0	0	0	0	202645	1	3	20102	2360	2361	500	11
467500	0	3	2	1	1	0	0	0	0	0	2	0	118452	1	1	27107	1114	1115	500	11
315500	0.036	3	1	1	1	0	0	0	1	0	0	1	19742	2	3	25659	1684	1685	500	11
89500	0	2	2	2	0	1	0	0	1	0	0	0	24989	2	2	6832	2193	2194	500	11
16500	0	2	3	2	2	0	0	0	0	0	0	0	78998	1	1	3188	2646	2647	500	11
167500	0	5	1	2	1	1	0	0	0	0	3	0	15794	1	1	10058	597	598	500	11
468000	0	2	2	1	0	1	1	0	0	0	0	0	57435	3	3	27113	1115	1116	500	11
389500	0.049	3	2	2	2	0	0	0	0	0	0	1	46351	2	1	22216	1010	1011	500	11
316000	0.036	2	1	0	0	0	0	0	2	0	0	0	14114	2	3	25673	1687	1688	500	11
17000	0	2	2	2	2	0	0	0	0	0	0	0	49184	2	3	3238	2692	2693	500	11
90000	0.111	3	1	0	0	0	0	1	0	0	2	0	0	2	1	6850	2244	2245	500	11
468500	0	1	1	1	1	0	0	0	0	0	0	0	117613	1	1	27127	1230	1231	500	11
541000	0.043	3	2	2	2	0	0	0	0	0	0	1	66039	2	3	20102	2360	2361	500	11
316500	0	3	3	0	0	0	1	2	0	0	0	0	50381	1	1	25747	1627	1628	500	11
168000	0	3	2	2	1	1	0	0	0	0	1	0	49172	1	1	10144	595	596	500	11
469000	0	1	1	1	1	0	0	0	0	0	0	0	126846	2	3	27244	940	941	500	11
168500	0	2	2	0	0	0	2	0	0	0	0	0	32410	1	1	10528	298	299	500	11
90500	0	2	3	2	2	0	0	0	0	0	0	0	104783	1	1	7014	2215	2216	500	11
317000	0	2	2	1	1	0	0	0	0	0	1	0	34856	1	1	25773	1839	1840	500	11
390000	0.049	4	3	3	2	0	1	0	1	0	0	0	218906	1	1	22244	1012	1013	500	11
541500	0.043	2	2	1	1	0	0	0	0	1	0	0	100684	1	1	20102	2360	2361	500	11
390500	0	2	1	1	1	0	0	1	0	0	0	0	48115	1	2	22288	1023	1024	500	11
469500	0	2	1	2	0	2	0	0	0	0	0	0	11344	2	3	27357	934	935	500	11
391000	0	1	0	0	0	0	0	1	0	0	0	0	5429	2	3	22471	202	203	500	11
241000	0	10	1	2	1	0	0	4	1	1	0	3	78170	1	1	9190	733	734	500	11
17500	0	4	3	3	2	0	0	0	0	1	1	0	142831	1	1	3243	2662	2663	500	11
91000	0	2	2	2	2	0	0	0	0	0	0	0	40512	1	1	7047	2098	2099	500	11
391500	0	1	1	1	1	0	0	0	0	0	0	0	25782	2	3	22584	217	218	500	11
542000	0	2	2	0	0	0	2	0	0	0	0	0	207057	1	1	20125	2344	2345	500	11
169000	0	3	2	2	2	0	0	0	0	0	0	1	186410	1	1	10730	292	293	500	11
392000	0	1	1	1	1	0	0	0	0	0	0	0	22791	2	3	22626	670	671	500	11
241500	0	2	2	1	1	0	0	0	0	0	1	0	46407	2	3	9206	742	743	500	11
470000	0	4	1	0	0	0	0	2	0	0	2	0	17734	2	3	27473	932	933	500	11
392500	0	1	2	1	0	1	0	0	0	0	0	0	16256	2	3	22686	979	980	500	11
18000	0	4	4	2	2	0	0	2	0	0	0	0	121413	1	1	3251	2657	2658	500	11
470500	0.039	1	1	1	1	0	0	0	0	0	0	0	77345	1	3	27695	1066	1067	500	11
91500	0	3	2	1	1	0	0	1	0	0	1	0	123387	1	1	7069	2093	2094	500	11
317500	0	5	4	2	2	0	0	0	1	2	0	0	90752	1	1	25810	1877	1878	500	11
242000	0	2	2	0	0	0	2	0	0	0	0	0	11344	1	1	9739	803	804	500	11
471000	0	2	2	0	0	0	1	1	0	0	0	0	112267	1	2	27713	1052	1053	500	11
393000	0	3	4	1	0	1	1	1	0	0	0	0	48565	1	1	22691	977	978	500	11
242500	0	1	1	1	0	0	0	0	1	0	0	0	11227	2	3	9755	805	806	500	11
393500	0	1	1	0	0	0	1	0	0	0	0	0	5667	2	3	22726	980	981	500	11
169500	0	5	4	4	3	1	1	0	0	0	0	0	185604	1	1	17946	1209	1210	500	11
542500	0	4	1	2	2	0	0	0	0	0	2	0	116884	1	1	20141	2332	2333	500	11
92000	0	3	3	1	0	1	0	1	0	1	0	0	59329	1	1	7092	2090	2091	500	11
394000	0	2	2	2	2	0	0	0	0	0	0	0	140002	2	3	22775	976	977	500	11
318000	0	4	4	1	1	0	0	0	1	0	2	0	46394	1	1	25835	1841	1842	500	11
92500	0	1	2	1	1	0	0	0	0	0	0	0	31587	2	3	7152	2051	2052	500	11
170000	0	2	2	2	1	1	0	0	0	0	0	0	119907	1	1	19222	1186	1187	500	11
243000	0	2	1	2	2	0	0	0	0	0	0	0	42020	1	3	9767	832	833	500	11
18500	0	6	4	3	2	1	0	0	0	0	3	0	103529	1	1	3261	2655	2656	500	11
394500	0	2	2	1	1	0	0	1	0	0	0	0	400443	1	1	22819	1002	1003	500	11
243500	0	1	1	0	0	0	1	0	0	0	0	0	11056	2	3	9767	832	833	500	11
471500	0	4	3	2	2	0	0	0	0	2	0	0	55879	1	3	27721	63	64	500	11
543000	0.073	4	3	2	1	1	0	0	0	1	1	0	115261	1	1	20157	2337	2338	500	11
170500	0	2	3	1	0	1	1	0	0	0	0	0	230041	1	1	19234	1215	1216	500	11
318500	0.081	2	2	1	1	0	0	1	0	0	0	0	384046	1	1	25895	1849	1850	500	11
395000	0	1	2	1	1	0	0	0	0	0	0	0	387758	1	1	22840	987	988	500	11
319000	0	2	2	0	0	0	2	0	0	0	0	0	26314	1	1	25913	1878	1879	500	11
472000	0	1	3	1	1	0	0	0	0	0	0	0	58317	1	2	27728	82	83	500	11
19000	0	2	2	2	1	1	0	0	0	0	0	0	92701	1	2	3269	2654	2655	500	11
543500	0	1	1	1	1	0	0	0	0	0	0	0	61876	1	2	20171	2299	2300	500	11
93000	0.198	4	3	2	1	1	0	0	0	1	1	0	60213	2	1	7184	2118	2119	500	11
395500	0	3	0	0	0	0	1	2	0	0	0	0	14025	1	1	22973	666	667	500	11
244000	0	2	3	2	2	0	0	0	0	0	0	0	125815	1	1	9773	758	759	500	11
319500	0	3	1	1	1	0	0	1	0	0	1	0	18755	1	1	25933	1875	1876	500	11
171000	0	4	3	2	2	0	0	0	0	0	2	0	174319	1	1	19240	1214	1215	500	11
396000	0	1	1	1	1	0	0	0	0	0	0	0	70126	2	3	23025	982	983	500	11
396500	0	1	1	1	1	0	0	0	0	0	0	0	57252	2	3	23025	982	983	500	11
171500	0	2	2	1	1	0	1	0	0	0	0	0	100240	1	1	19250	1216	1217	500	11
544000	0	4	2	2	2	0	0	0	0	0	1	1	132078	1	1	20210	2309	2310	500	11
172000	0	2	1	0	0	0	1	1	0	0	0	0	58597	1	1	22855	606	607	500	11
93500	0.132	6	2	1	1	0	0	1	0	0	2	2	38157	1	1	7228	2079	2080	500	11
320000	0	3	2	1	1	0	0	1	0	0	1	0	22656	2	3	25957	1956	1957	500	11
544500	0	2	0	0	0	0	0	1	1	0	0	0	1524	2	3	20304	2517	2518	500	11
244500	0	4	2	2	2	0	0	0	0	0	0	2	77345	1	1	20192	96	97	500	11
397000	0	2	2	2	2	0	0	0	0	0	0	0	40910	2	3	23117	664	665	500	11
19500	0	5	3	2	2	0	0	0	0	0	3	0	119752	1	1	3282	2656	2657	500	11
397500	0	1	1	1	1	0	0	0	0	0	0	0	38607	2	3	23187	198	199	500	11
94000	0	1	1	1	1	0	0	0	0	0	0	0	38157	1	1	7270	2063	2064	500	11
320500	0.127	2	4	1	1	0	0	1	0	0	0	0	108202	1	1	25984	1834	1835	500	11
321000	0.127	2	2	2	2	0	0	0	0	0	0	0	88531	1	2	26011	1832	1833	500	11
172500	0	3	3	1	1	0	0	2	0	0	0	0	57648	1	1	22876	620	621	500	11
545000	0	2	2	2	2	0	0	0	0	0	0	0	107594	1	1	20317	2513	2514	500	11
94500	0.197	2	2	0	0	0	1	1	0	0	0	0	30229	2	1	7318	2019	2020	500	11
173000	0	1	1	1	1	0	0	0	0	0	0	0	56427	1	1	23045	605	606	500	11
321500	0.127	1	1	1	1	0	0	0	0	0	0	0	41731	2	3	26020	1831	1832	500	11
20000	0	2	1	2	2	0	0	0	0	0	0	0	64108	1	1	3304	2659	2660	500	11
173500	0	1	1	1	0	0	0	0	1	0	0	0	28447	2	3	23073	603	604	500	11
545500	0	2	2	1	1	0	0	1	0	0	0	0	75316	1	1	20379	2328	2329	500	11
398000	0	3	2	1	0	0	0	0	3	0	0	0	26209	2	3	23224	950	951	500	11
322000	0.127	2	2	2	2	0	0	0	0	0	0	0	90752	2	3	26029	1831	1832	500	11
546000	0	1	1	1	1	0	0	0	0	0	0	0	31587	2	3	20427	2515	2516	500	11
20500	0	2	2	2	2	0	0	0	0	0	0	0	218149	1	1	3321	2671	2672	500	11
174000	0	2	1	1	1	0	0	0	0	0	0	1	45719	1	1	23956	287	288	500	11
472500	0	10	2	6	4	1	0	1	3	0	1	0	118319	1	2	27737	65	66	500	11
95000	0.111	4	2	1	1	0	0	1	0	0	2	0	14021	2	1	7399	2246	2247	500	11
322500	0.024	2	2	0	0	0	2	0	0	0	0	0	109226	1	2	26058	1734	1735	500	11
473000	0	1	1	1	1	0	0	0	0	0	0	0	39188	1	3	27749	62	63	500	11
174500	0	3	4	0	0	0	1	1	0	0	1	0	16707	2	3	24101	296	297	500	11
21000	0	2	3	1	1	0	0	1	0	0	0	0	60457	1	1	3341	2669	2670	500	11
546500	0	3	4	2	2	0	0	0	1	0	0	0	136853	1	1	21234	2346	2347	500	11
245000	0	5	3	3	3	0	0	0	0	0	0	2	136029	1	1	21356	100	101	500	11
175000	0	1	1	1	1	0	0	0	0	0	0	0	66503	2	1	25295	294	295	500	11
398500	0	5	1	1	1	0	0	1	0	0	1	2	25661	2	2	23432	240	241	500	11
547000	0	2	2	1	1	0	0	1	0	0	0	0	348482	1	1	21266	2334	2335	500	11
245500	0	1	1	1	1	0	0	0	0	0	0	0	43767	1	1	21360	98	99	500	11
323000	0.131	3	1	1	1	0	0	0	0	0	2	0	42769	2	1	26129	1859	1860	500	11
21500	0	2	2	2	2	0	0	0	0	0	0	0	118452	2	3	3352	2666	2667	500	11
547500	0	2	3	2	2	0	0	0	0	0	0	0	146853	1	1	21282	2330	2331	500	11
399000	0	2	3	2	2	0	0	0	0	0	0	0	524195	2	3	23443	241	242	500	11
22000	0	2	1	0	0	0	2	0	0	0	0	0	41960	1	1	3361	2666	2667	500	11
95500	0	5	3	2	2	0	0	0	0	1	1	1	63939	2	3	7417	2189	2190	500	11
473500	0	5	2	1	1	0	0	1	0	0	0	3	20152	2	3	27761	74	75	500	11
474000	0	2	2	0	0	0	0	2	0	0	0	0	30259	1	1	27780	84	85	500	11
175500	0	3	3	3	1	1	0	0	0	1	0	0	77215	1	1	26409	579	580	500	11
323500	0.131	3	4	3	2	1	0	0	0	0	0	0	92450	2	3	26136	1859	1860	500	11
324000	0.127	1	1	0	0	0	0	1	0	0	0	0	29909	2	3	26144	1833	1834	500	11
22500	0	3	2	2	2	0	0	0	0	0	0	1	100762	1	1	3372	2663	2664	500	11
176000	0.042	2	2	2	1	0	0	0	1	0	0	0	30073	2	3	26430	1135	1136	500	11
548000	0.073	4	3	1	1	0	0	1	0	1	1	0	213473	1	1	21305	2336	2337	500	11
96000	0.111	3	4	2	2	0	0	1	0	0	0	0	65970	1	1	7429	2247	2248	500	11
176500	0	1	0	0	0	0	1	0	0	0	0	0	11860	1	1	26450	1141	1142	500	11
246000	0	5	2	2	2	0	0	0	0	0	2	1	80263	1	1	21363	98	99	500	11
96500	0.132	2	0	0	0	0	2	0	0	0	0	0	23876	1	1	7463	2071	2072	500	11
548500	0.117	3	4	1	1	0	0	2	0	0	0	0	401169	1	1	11423	1427	1428	500	11
324500	0.024	3	1	2	1	1	0	0	0	0	1	0	103127	1	1	26162	1733	1734	500	11
474500	0	5	3	1	1	0	0	1	0	0	2	1	82916	1	1	27789	79	80	500	11
97000	0	2	3	2	2	0	0	0	0	0	0	0	121690	1	1	7513	2037	2038	500	11
549000	0	2	0	0	0	0	2	0	0	0	0	0	102302	1	1	11499	1433	1434	500	11
246500	0	4	3	1	0	1	0	2	1	0	0	0	33453	1	1	21381	98	99	500	11
475000	0	1	2	1	1	0	0	0	0	0	0	0	58317	1	2	27795	77	78	500	11
23000	0	2	2	2	2	0	0	0	0	0	0	0	113646	1	1	3452	2765	2766	500	11
177000	0	4	3	1	1	0	0	1	0	0	2	0	151144	1	1	26476	1165	1166	500	11
549500	0.05	1	1	1	1	0	0	0	0	0	0	0	37214	1	4	11562	1460	1461	500	11
550000	0.117	2	1	0	0	0	0	1	0	1	0	0	8363	1	4	11633	1429	1430	500	11
399500	0	7	4	3	1	2	0	2	1	0	1	0	96833	1	3	23508	244	245	500	11
247000	0	2	1	2	2	0	0	0	0	0	0	0	68430	1	1	21400	101	102	500	11
97500	0.372	2	3	2	2	0	0	0	0	0	0	0	141945	1	1	7557	2044	2045	500	11
325000	0.131	4	2	2	2	0	0	0	0	0	2	0	87658	1	1	26173	1861	1862	500	11
177500	0.041	2	2	2	2	0	0	0	0	0	0	0	45407	2	3	26489	1160	1161	500	11
400000	0	2	2	0	0	0	2	0	0	0	0	0	0	1	1	24018	545	546	500	11
475500	0	3	3	2	2	0	0	1	0	0	0	0	39217	1	1	27810	43	44	500	11
550500	0.117	3	4	1	1	0	0	2	0	0	0	0	19392	3	1	11718	1432	1433	500	11
247500	0	1	1	1	1	0	0	0	0	0	0	0	18288	1	1	21403	101	102	500	11
325500	0	1	2	1	1	0	0	0	0	0	0	0	53626	1	1	26208	1830	1831	500	11
248000	0	1	1	0	0	0	0	0	1	0	0	0	12091	2	3	21449	103	104	500	11
23500	0.044	4	4	3	3	0	0	1	0	0	0	0	242349	1	1	3491	2674	2675	500	11
551000	0.117	1	1	1	1	0	0	0	0	0	0	0	37214	1	4	11777	1421	1422	500	11
98000	0.132	5	1	1	1	0	1	3	0	0	0	0	41655	1	1	7596	2073	2074	500	11
178000	0.041	2	2	2	2	0	0	0	0	0	0	0	57737	2	3	26497	1161	1162	500	11
248500	0	2	2	0	0	0	0	2	0	0	0	0	51001	1	1	21467	94	95	500	11
98500	0.255	2	2	0	0	0	1	1	0	0	0	0	54864	1	1	7629	2047	2048	500	11
400500	0	2	2	1	1	0	0	1	0	0	0	0	102217	1	1	24680	119	120	500	11
401000	0	1	0	0	0	0	1	0	0	0	0	0	42179	1	1	24722	491	492	500	11
99000	0.255	2	2	2	2	0	0	0	0	0	0	0	73776	1	1	7672	2048	2049	500	11
326000	0	2	2	2	2	0	0	0	0	0	0	0	80670	1	1	26221	1827	1828	500	11
551500	0	3	2	0	0	0	0	2	0	0	1	0	21384	1	1	11881	1440	1441	500	11
178500	0.041	1	1	1	1	0	0	0	0	0	0	0	49783	2	3	26497	1161	1162	500	11
476000	0	3	1	2	1	1	0	0	0	1	0	0	38102	2	3	27818	48	49	500	11
179000	0.041	1	2	1	1	0	0	0	0	0	0	0	49355	2	3	26497	1161	1162	500	11
24000	0	3	2	1	1	0	0	0	0	0	2	0	61975	1	1	3518	2775	2776	500	11
552000	0.201	2	2	0	0	0	2	0	0	0	0	0	28669	1	1	11974	1413	1414	500	11
476500	0	1	0	0	0	0	0	1	0	0	0	0	12090	2	3	27831	42	43	500	11
249000	0	2	3	2	1	1	0	0	0	0	0	0	87246	1	1	21478	114	115	500	11
477000	0	1	0	0	0	0	1	0	0	0	0	0	43832	1	3	27839	73	74	500	11
401500	0	3	0	1	1	0	0	0	0	0	2	0	37282	2	1	24760	494	495	500	11
179500	0	1	1	1	1	0	0	0	0	0	0	0	14904	2	3	26506	1191	1192	500	11
402000	0	1	1	1	1	0	0	0	0	0	0	0	50381	1	1	24800	492	493	500	11
180000	0	2	1	0	0	0	2	0	0	0	0	0	212648	1	1	26512	1192	1193	500	11
477500	0	2	4	1	1	0	0	1	0	0	0	0	74973	1	1	27846	80	81	500	11
402500	0	1	1	1	1	0	0	0	0	0	0	0	54863	1	1	24839	499	500	500	11
180500	0	1	1	0	0	0	0	1	0	0	0	0	0	2	3	26512	1192	1193	500	11
99500	0	4	3	3	2	1	0	0	0	0	0	1	82423	1	4	7723	2040	2041	500	11
100000	0.118	1	0	0	0	0	1	0	0	0	0	0	9377	2	4	7848	2156	2157	500	11
326500	0	6	1	3	2	1	0	1	0	0	0	2	43235	2	1	26241	1973	1974	500	11
552500	0.117	3	2	2	2	0	0	0	0	0	1	0	49783	1	1	12088	1425	1426	500	11
403000	0	2	1	1	1	0	0	1	0	0	0	0	34747	2	3	24888	895	896	500	11
249500	0	4	2	2	2	0	0	0	0	0	2	0	110742	1	1	21482	115	116	500	11
100500	0.118	1	1	1	1	0	0	0	0	0	0	0	18288	2	3	7878	2154	2155	500	11
553000	0	1	1	1	1	0	0	0	0	0	0	0	29613	1	1	12159	1385	1386	500	11
327000	0.058	3	1	1	1	0	0	0	0	1	0	1	26158	2	3	26265	1985	1986	500	11
101000	0.197	2	3	1	0	1	1	0	0	0	0	0	89431	1	1	7913	2016	2017	500	11
553500	0	1	1	0	0	0	1	0	0	0	0	0	12091	2	2	12195	1434	1435	500	11
250000	0	2	2	0	0	0	0	2	0	0	0	0	45313	1	1	21511	92	93	500	11
24500	0.044	5	1	2	2	0	0	0	0	0	3	0	109315	1	1	3542	2672	2673	500	11
478000	0	4	3	1	1	0	0	1	0	0	1	1	25661	2	3	27862	38	39	500	11
101500	0.059	2	2	2	0	2	0	0	0	0	0	0	27350	1	1	7947	2139	2140	500	11
403500	0.12	4	2	0	0	0	0	1	1	0	1	1	35536	2	3	24897	891	892	500	11
250500	0	2	1	2	2	0	0	0	0	0	0	0	76983	2	2	21515	93	94	500	11
25000	0	2	2	1	1	0	0	0	0	0	1	0	74845	2	2	3572	2769	2770	500	11
181000	0	6	3	4	4	0	0	2	0	0	0	0	160798	2	3	26521	1193	1194	500	11
181500	0	1	1	0	0	0	0	1	0	0	0	0	20828	1	2	26540	1189	1190	500	11
327500	0	4	3	3	2	0	0	0	1	0	1	0	109469	1	1	26277	1974	1975	500	11
554000	0.05	4	3	4	3	1	0	0	0	0	0	0	73557	2	1	12264	1455	1456	500	11
182000	0	1	0	1	1	0	0	0	0	0	0	0	13523	2	3	26798	626	627	500	11
251000	0	2	2	2	2	0	0	0	0	0	0	0	146337	1	1	21520	116	117	500	11
25500	0	2	3	2	1	1	0	0	0	0	0	0	53303	1	1	3572	2769	2770	500	11
478500	0.053	4	2	2	1	1	0	0	0	1	1	0	37081	1	1	27881	55	56	500	11
102000	0.118	3	2	2	2	0	0	0	0	0	0	1	48265	1	1	7983	2158	2159	500	11
554500	0.05	3	3	2	2	0	0	1	0	0	0	0	36674	1	4	12354	1450	1451	500	11
251500	0.044	1	1	0	0	0	0	0	1	0	0	0	0	2	3	21558	117	118	500	11
26000	0.095	2	2	1	1	0	1	0	0	0	0	0	43832	1	1	3595	2786	2787	500	11
182500	0	2	2	2	2	0	0	0	0	0	0	0	119645	1	1	26844	604	605	500	11
183000	0.064	1	1	1	1	0	0	0	0	0	0	0	105190	1	1	26909	1198	1199	500	11
555000	0	1	2	1	1	0	0	0	0	0	0	0	43630	1	1	12504	1408	1409	500	11
328000	0	3	3	3	3	0	0	0	0	0	0	0	129983	1	1	26292	1971	1972	500	11
102500	0.118	2	1	0	0	0	1	1	0	0	0	0	67445	2	1	8042	2151	2152	500	11
479000	0	2	2	2	2	0	0	0	0	0	0	0	56427	2	3	27918	76	77	500	11
404000	0	5	4	3	3	0	1	0	0	0	0	1	54883	1	1	24898	881	882	500	11
555500	0.201	2	4	0	0	0	2	0	0	0	0	0	51917	1	1	12568	1418	1419	500	11
183500	0.064	1	2	1	1	0	0	0	0	0	0	0	32715	2	3	26947	1200	1201	500	11
556000	0	1	1	1	1	0	0	0	0	0	0	0	43328	2	3	12625	1386	1387	500	11
404500	0.12	2	2	2	2	0	0	0	0	0	0	0	111542	1	3	24912	890	891	500	11
26500	0.095	3	2	2	0	2	0	0	0	0	0	1	42320	1	1	3610	2785	2786	500	11
328500	0.058	3	3	1	1	0	0	2	0	0	0	0	48435	1	1	26310	1986	1987	500	11
252000	0.044	3	2	2	2	0	0	0	0	0	0	1	33146	2	3	21565	117	118	500	11
556500	0	2	2	1	0	1	0	1	0	0	0	0	61159	1	4	12657	1435	1436	500	11
184000	0.064	1	0	0	0	0	1	0	0	0	0	0	10264	2	3	26957	1201	1202	500	11
557000	0	1	1	0	0	0	1	0	0	0	0	0	43334	1	1	12733	1412	1413	500	11
27000	0	1	1	1	1	0	0	0	0	0	0	0	129310	1	1	3617	2777	2778	500	11
557500	0	1	3	1	1	0	0	0	0	0	0	0	50799	1	1	12833	1397	1398	500	11
252500	0.044	1	1	1	1	0	0	0	0	0	0	0	35559	2	3	21565	117	118	500	11
329000	0.058	2	2	2	1	1	0	0	0	0	0	0	47243	1	1	26321	1990	1991	500	11
184500	0.064	1	1	1	1	0	0	0	0	0	0	0	19742	1	3	26957	1201	1202	500	11
558000	0	2	2	0	0	0	2	0	0	0	0	0	113220	1	4	12857	1396	1397	500	11
185000	0.064	1	1	0	0	0	0	1	0	0	0	0	25661	2	3	27030	1202	1203	500	11
405000	0	3	2	2	2	0	0	0	0	0	0	1	41251	2	1	24920	893	894	500	11
103000	0	4	2	2	2	0	0	0	0	0	1	1	83834	1	1	8078	2100	2101	500	11
479500	0	6	2	1	1	0	0	1	0	0	1	3	62014	1	1	27926	81	82	500	11
27500	0	2	2	2	2	0	0	0	0	0	0	0	138570	1	1	3681	2792	2793	500	11
405500	0	1	1	1	1	0	0	0	0	0	0	0	25782	2	3	24925	894	895	500	11
558500	0	2	2	1	1	0	1	0	0	0	0	0	51389	1	1	12881	1387	1388	500	11
253000	0.044	3	2	2	1	1	0	0	0	0	0	1	20152	2	3	21565	117	118	500	11
480000	0	2	1	1	1	0	0	1	0	0	0	0	65247	1	1	28395	921	922	500	11
28000	0.095	2	2	0	0	0	2	0	0	0	0	0	0	1	1	3833	2787	2788	500	11
559000	0	1	1	0	0	0	0	1	0	0	0	0	12831	2	3	12935	1444	1445	500	11
480500	0	1	1	1	1	0	0	0	0	0	0	0	84101	1	1	28534	1125	1126	500	11
406000	0	2	3	1	0	1	0	1	0	0	0	0	46024	2	3	24929	894	895	500	11
185500	0	5	3	2	1	1	0	0	0	0	3	0	111626	1	1	27035	1207	1208	500	11
406500	0	1	2	1	0	1	0	0	0	0	0	0	21160	2	3	24951	889	890	500	11
329500	0.133	2	2	2	1	1	0	0	0	0	0	0	42320	1	1	26336	1871	1872	500	11
253500	0.047	3	1	1	1	0	0	1	0	0	0	1	25679	2	3	21594	853	854	500	11
186000	0	3	2	1	0	1	2	0	0	0	0	0	60146	1	1	27047	1207	1208	500	11
28500	0	5	2	1	1	0	0	1	0	0	0	3	167807	1	1	3905	2795	2796	500	11
186500	0	1	2	0	0	0	0	1	0	0	0	0	51750	2	3	27057	1225	1226	500	11
254000	0.076	1	1	1	1	0	0	0	0	0	0	0	33167	1	3	23258	747	748	500	11
254500	0.076	1	1	0	0	0	0	1	0	0	0	0	23888	1	1	23266	753	754	500	11
330000	0	1	1	1	1	0	0	0	0	0	0	0	20729	2	3	26372	1972	1973	500	11
559500	0	3	4	3	3	0	0	0	0	0	0	0	183600	1	4	12979	1443	1444	500	11
29000	0	2	2	0	0	0	0	2	0	0	0	0	84326	1	4	4054	2618	2619	500	11
255000	0	1	2	1	1	0	0	0	0	0	0	0	23523	2	2	23288	744	745	500	11
407000	0	3	3	3	1	2	0	0	0	0	0	0	40305	2	3	24987	886	887	500	11
407500	0	1	0	0	0	0	0	1	0	0	0	0	8019	2	3	25043	901	902	500	11
103500	0	1	1	1	1	0	0	0	0	0	0	0	38157	1	1	8287	2173	2174	500	11
330500	0	2	2	1	0	0	0	1	1	0	0	0	2715	2	3	26376	1965	1966	500	11
187000	0	2	2	2	2	0	0	0	0	0	0	0	124966	2	3	27061	1196	1197	500	11
255500	0.076	1	1	1	1	0	0	0	0	0	0	0	39484	1	1	23317	752	753	500	11
256000	0	1	0	0	0	0	0	1	0	0	0	0	28854	2	2	23368	746	747	500	11
481000	0	4	2	1	1	0	0	1	0	0	1	1	47751	2	3	28562	1122	1123	500	11
408000	0	1	1	1	1	0	0	0	0	0	0	0	21210	2	3	25086	885	886	500	11
104000	0.169	3	4	1	1	0	1	1	0	0	0	0	98550	1	1	1331	307	308	500	11
256500	0	1	1	1	1	0	0	0	0	0	0	0	176197	2	3	23376	831	832	500	11
408500	0	1	1	0	0	0	0	1	0	0	0	0	12091	2	3	25088	885	886	500	11
104500	0.169	1	1	0	0	0	1	0	0	0	0	0	100379	1	2	1346	306	307	500	11
331000	0	3	2	1	1	0	0	1	0	0	0	1	28869	2	3	29575	1634	1635	500	11
481500	0	2	4	1	1	0	0	1	0	0	0	0	342491	2	3	28570	1106	1107	500	11
187500	0	1	1	1	1	0	0	0	0	0	0	0	81279	1	3	27148	1224	1225	500	11
409000	0	1	0	0	0	0	1	0	0	0	0	0	10725	2	3	25114	900	901	500	11
482000	0	1	1	1	1	0	0	0	0	0	0	0	34259	2	3	28588	1132	1133	500	11
257000	0	2	2	1	1	0	0	1	0	0	0	0	43789	2	1	23384	831	832	500	11
105000	0	1	1	1	1	0	0	0	0	0	0	0	55883	2	3	4684	709	710	500	11
29500	0	4	3	3	3	0	0	0	0	0	0	1	55870	1	1	4097	2619	2620	500	11
188000	0	1	1	1	1	0	0	0	0	0	0	0	65222	2	3	27159	1227	1228	500	11
105500	0	2	1	0	0	0	2	0	0	0	0	0	45335	1	1	4744	711	712	500	11
331500	0	2	1	0	0	0	0	0	2	0	0	0	7053	2	3	29585	1667	1668	500	11
257500	0	1	3	1	1	0	0	0	0	0	0	0	88839	2	3	23389	830	831	500	11
482500	0	1	0	1	0	1	0	0	0	0	0	0	75572	1	1	28640	1109	1110	500	11
560000	0	5	3	2	1	1	0	0	0	0	2	1	20828	2	3	13076	1376	1377	500	11
409500	0	2	2	0	0	0	0	2	0	0	0	0	15114	2	3	25208	681	682	500	11
410000	0	1	0	0	0	0	0	1	0	0	0	0	8126	2	3	26616	655	656	500	11
106000	0	1	2	1	1	0	0	0	0	0	0	0	38658	1	1	4766	701	702	500	11
30000	0	2	1	0	0	0	1	1	0	0	0	0	59927	1	1	4160	2625	2626	500	11
332000	0	2	3	1	1	0	0	1	0	0	0	0	43832	2	3	29587	1667	1668	500	11
483000	0	1	1	1	1	0	0	0	0	0	0	0	32076	2	3	28656	1130	1131	500	11
410500	0	2	0	0	0	0	0	1	0	1	0	0	9144	2	1	26654	653	654	500	11
258000	0.047	2	2	1	1	0	1	0	0	0	0	0	26504	1	3	23395	836	837	500	11
188500	0	2	2	0	0	0	0	1	1	0	0	0	30479	2	3	27164	1226	1227	500	11
30500	0.04	1	1	1	1	0	0	0	0	0	0	0	34792	1	1	8310	2715	2716	500	11
483500	0	1	1	1	1	0	0	0	0	0	0	0	155825	1	1	6405	2371	2372	500	11
332500	0	3	2	1	0	1	1	1	0	0	0	0	42741	2	2	29601	1660	1661	500	11
31000	0.033	2	2	1	1	0	0	1	0	0	0	0	56427	1	1	8348	2616	2617	500	11
106500	0	2	2	2	1	1	0	0	0	0	0	0	70937	1	1	4784	713	714	500	11
258500	0.047	2	2	1	1	0	0	1	0	0	0	0	128027	1	1	23397	836	837	500	11
31500	0	2	2	0	0	0	2	0	0	0	0	0	38201	1	1	8376	2631	2632	500	11
560500	0	5	4	1	1	0	0	1	0	0	2	1	69499	1	1	13104	1384	1385	500	11
189000	0	2	2	2	2	0	0	0	0	0	0	0	190974	2	3	27174	1228	1229	500	11
411000	0	2	2	1	1	0	0	0	0	0	0	1	35284	1	2	26675	562	563	500	11
484000	0	3	2	1	1	0	0	1	0	0	1	0	153413	1	1	10253	2413	2414	500	11
32000	0	1	1	1	1	0	0	0	0	0	0	0	24751	1	1	8418	2629	2630	500	11
107000	0	1	1	0	0	0	0	1	0	0	0	0	42320	2	1	5327	490	491	500	11
259000	0.047	3	3	2	2	0	0	1	0	0	0	0	69285	1	1	23459	833	834	500	11
411500	0	2	0	1	0	1	0	0	0	0	1	0	13407	2	3	26698	146	147	500	11
189500	0	2	3	2	2	0	0	0	0	0	0	0	77889	1	1	28148	1220	1221	500	11
333000	0.143	4	4	2	2	0	0	0	0	0	2	0	133094	1	1	29619	1671	1672	500	11
259500	0	1	2	1	1	0	0	0	0	0	0	0	26730	2	3	23527	757	758	500	11
484500	0	3	2	2	2	0	0	1	0	0	0	0	141221	1	1	14509	2565	2566	500	11
561000	0	3	2	1	1	0	0	0	0	0	1	1	33561	1	1	13132	1347	1348	500	11
561500	0	1	1	0	0	0	0	1	0	0	0	0	12395	1	1	13198	1393	1394	500	11
412000	0	2	0	0	0	0	0	0	2	0	0	0	9674	2	2	27212	1026	1027	500	11
562000	0	1	1	0	0	0	0	1	0	0	0	0	7699	2	3	13267	1401	1402	500	11
107500	0	3	2	1	1	0	0	2	0	0	0	0	145199	1	1	5344	485	486	500	11
485000	0	2	2	1	1	0	0	1	0	0	0	0	94091	1	1	15330	2586	2587	500	11
485500	0	2	2	0	0	0	2	0	0	0	0	0	17678	1	1	15571	2581	2582	500	11
412500	0	3	0	0	0	0	2	1	0	0	0	0	22571	2	1	27241	947	948	500	11
190000	0	3	2	0	0	0	0	1	0	1	1	0	28955	2	3	28319	627	628	500	11
562500	0	2	0	0	0	0	0	1	0	0	1	0	8489	2	1	13306	1374	1375	500	11
108000	0.059	1	1	1	1	0	0	0	0	0	0	0	32076	2	3	5358	446	447	500	11
333500	0	4	4	2	2	0	0	0	0	0	1	1	129030	1	1	29642	2004	2005	500	11
486000	0.049	1	3	1	1	0	0	0	0	0	0	0	63186	1	1	15795	2600	2601	500	11
108500	0.059	1	2	1	1	0	0	0	0	0	0	0	42320	1	1	5372	443	444	500	11
32500	0	4	3	1	1	0	0	0	1	1	1	0	31351	2	1	8468	2693	2694	500	11
109000	0.4	1	0	0	0	0	1	0	0	0	0	0	17532	2	3	5392	390	391	500	11
190500	0	1	1	0	0	0	1	0	0	0	0	0	50739	1	3	28347	1223	1224	500	11
260000	0	4	1	2	2	0	0	0	0	0	2	0	81279	2	3	23527	757	758	500	11
563000	0	4	4	1	1	0	0	3	0	0	0	0	56285	1	1	13341	1381	1382	500	11
334000	0	2	2	2	2	0	0	0	0	0	0	0	294635	1	1	29667	2003	2004	500	11
413000	0	4	0	0	0	0	0	0	2	0	2	0	353	2	3	27276	945	946	500	11
33000	0	3	3	1	1	0	2	0	0	0	0	0	161572	1	1	8497	2689	2690	500	11
413500	0	1	0	0	0	0	1	0	0	0	0	0	15849	1	1	27323	957	958	500	11
33500	0.044	1	1	0	0	0	0	1	0	0	0	0	64153	1	1	8544	2676	2677	500	11
191000	0	3	3	2	2	0	0	0	0	0	0	1	186410	1	1	28363	1213	1214	500	11
260500	0	2	2	2	2	0	0	0	0	0	0	0	59226	2	3	23527	757	758	500	11
334500	0	3	3	1	1	0	1	1	0	0	0	0	66333	1	1	29701	1794	1795	500	11
486500	0.049	4	1	1	1	0	0	1	0	0	2	0	61876	1	1	15815	2601	2602	500	11
191500	0	1	2	0	0	0	1	0	0	0	0	0	99002	1	1	28370	1213	1214	500	11
109500	0.4	3	3	3	3	0	0	0	0	0	0	0	109568	1	1	5392	390	391	500	11
414000	0	2	2	2	2	0	0	0	0	0	0	0	68430	1	1	27382	998	999	500	11
414500	0	1	0	0	0	0	0	1	0	0	0	0	25603	2	3	27388	1000	1001	500	11
563500	0	5	1	1	1	0	0	1	0	3	0	0	42468	1	1	13385	1345	1346	500	11
335000	0	3	1	1	1	0	0	0	0	0	1	1	13579	2	3	29800	1808	1809	500	11
261000	0.047	2	3	2	2	0	0	0	0	0	0	0	64153	1	3	23541	852	853	500	11
335500	0	1	1	1	1	0	0	0	0	0	0	0	57911	2	3	29828	1810	1811	500	11
415000	0	2	1	1	1	0	0	1	0	0	0	0	22352	2	3	27404	956	957	500	11
34000	0	5	4	2	2	0	0	0	0	1	2	0	100762	1	1	8570	2685	2686	500	11
110000	0	3	2	1	1	0	0	0	1	0	0	1	18163	2	3	5411	483	484	500	11
192000	0	4	2	2	2	0	0	0	0	0	0	2	104158	1	1	28451	1222	1223	500	11
336000	0	1	1	0	0	0	0	0	1	0	0	0	39484	2	3	29861	1813	1814	500	11
261500	0.047	1	1	1	1	0	0	0	0	0	0	0	20320	2	3	23541	852	853	500	11
487000	0.049	5	3	4	2	1	0	0	0	1	1	0	76314	1	1	15850	2596	2597	500	11
415500	0.049	3	1	1	1	0	0	1	0	0	0	1	39484	2	1	27429	1015	1016	500	11
110500	0.059	1	1	1	1	0	0	0	0	0	0	0	61984	1	1	5428	440	441	500	11
192500	0	1	1	1	1	0	0	0	0	0	0	0	96229	2	3	28676	1144	1145	500	11
416000	0	1	1	0	0	0	0	1	0	0	0	0	78231	2	3	27453	953	954	500	11
34500	0	2	2	1	0	0	0	1	1	0	0	0	34154	3	1	8582	2690	2691	500	11
564000	0	4	1	2	2	0	0	0	0	2	0	0	79247	1	1	13474	1382	1383	500	11
111000	0.4	1	1	1	1	0	0	0	0	0	0	0	29463	2	3	5455	389	390	500	11
336500	0.03	3	2	1	1	0	0	1	0	0	0	1	73960	1	1	29873	1822	1823	500	11
262000	0.047	2	1	1	1	0	0	0	0	0	1	0	65589	2	3	23544	852	853	500	11
35000	0.044	2	1	1	1	0	0	0	0	0	1	0	33001	1	4	8616	2673	2674	500	11
262500	0	1	3	0	0	0	1	0	0	0	0	0	25060	1	3	23559	850	851	500	11
416500	0	3	0	0	0	0	0	1	0	0	0	2	4333	2	3	27519	658	659	500	11
487500	0.049	3	2	2	2	0	0	0	0	0	1	0	97405	1	1	15867	2598	2599	500	11
111500	0.4	4	2	2	2	0	0	0	0	0	0	2	33619	2	3	5466	389	390	500	11
193000	0	4	4	2	1	1	0	1	1	0	0	0	136050	1	1	28802	608	609	500	11
417000	0	2	2	2	2	0	0	0	0	0	0	0	65023	2	3	27571	207	208	500	11
35500	0.044	4	2	1	1	0	0	1	0	0	0	2	34548	2	4	8630	2683	2684	500	11
112000	0	2	2	1	1	0	0	1	0	0	0	0	95160	1	1	5482	381	382	500	11
564500	0.073	5	3	3	2	0	2	0	0	1	0	0	102309	1	1	13563	1373	1374	500	11
488000	0.049	4	2	1	1	0	0	1	0	0	1	1	222239	2	1	15879	2598	2599	500	11
337000	0.031	5	4	3	1	2	0	0	0	1	1	0	32400	1	1	29905	1651	1652	500	11
263000	0	4	3	3	3	0	0	0	0	0	0	1	52195	2	3	23559	850	851	500	11
337500	0.036	1	1	0	0	0	1	0	0	0	0	0	15504	2	3	29995	1688	1689	500	11
36000	0	4	2	2	2	0	0	0	0	0	0	2	50945	1	1	8684	2771	2772	500	11
263500	0.047	1	1	1	1	0	0	0	0	0	0	0	27431	2	3	23563	851	852	500	11
193500	0	3	2	1	1	0	0	1	0	1	0	0	26849	2	2	28876	617	618	500	11
112500	0	4	1	1	0	1	1	2	0	0	0	0	33660	1	1	5488	382	383	500	11
338000	0.036	3	1	0	0	0	0	3	0	0	0	0	7912	1	4	30011	1680	1681	500	11
565000	0	2	1	0	0	0	0	0	1	0	0	1	24432	2	3	13671	1392	1393	500	11
194000	0	1	2	0	0	0	1	0	0	0	0	0	12495	1	1	1568	1580	1581	500	11
194500	0	1	1	0	0	0	0	1	0	0	0	0	0	3	3	1605	1590	1591	500	11
565500	0	2	2	1	1	0	0	1	0	0	0	0	28626	1	1	13805	1406	1407	500	11
488500	0.049	4	2	1	1	0	0	1	0	0	2	0	74167	2	3	15897	2606	2607	500	11
36500	0.095	2	2	0	0	0	2	0	0	0	0	0	53339	1	1	8723	2781	2782	500	11
113000	0.05	3	2	2	2	0	0	0	0	0	1	0	50799	2	3	5502	366	367	500	11
489000	0.049	1	1	1	1	0	0	0	0	0	0	0	30479	2	3	15914	2607	2608	500	11
264000	0	3	2	2	2	0	0	0	0	0	1	0	34642	1	2	23610	811	812	500	11
37000	0.095	2	4	1	1	0	0	1	0	0	0	0	70534	1	1	8761	2788	2789	500	11
417500	0	9	2	1	1	0	0	1	0	1	3	3	13407	2	3	27684	685	686	500	11
566000	0.073	4	1	2	2	0	0	0	0	0	1	1	50291	1	1	13947	1363	1364	500	11
338500	0	5	3	1	1	0	0	1	0	0	2	1	32076	1	1	30027	1999	2000	500	11
195000	0	4	2	1	1	0	0	1	0	0	2	0	82294	1	1	6733	1595	1596	500	11
195500	0	2	2	0	0	0	2	0	0	0	0	0	38990	1	1	6891	1575	1576	500	11
566500	0	1	2	1	0	1	0	0	0	0	0	0	24085	1	1	14072	1277	1278	500	11
489500	0	3	3	3	3	0	0	0	0	0	0	0	70996	1	1	15944	2566	2567	500	11
264500	0	2	2	1	1	0	0	0	0	0	1	0	37126	1	1	23619	813	814	500	11
196000	0	2	4	0	0	0	1	1	0	0	0	0	36274	1	1	6915	1585	1586	500	11
113500	0	4	1	2	1	1	0	0	0	2	0	0	60508	1	1	5509	374	375	500	11
37500	0	3	3	2	2	0	0	0	0	1	0	0	97723	1	1	8808	2746	2747	500	11
567000	0	2	2	0	0	0	0	2	0	0	0	0	55722	2	3	14193	1332	1333	500	11
339000	0	2	1	0	0	0	0	1	0	0	1	0	17373	1	4	30052	2008	2009	500	11
196500	0	1	1	0	0	0	1	0	0	0	0	0	1238	3	3	6942	1591	1592	500	11
339500	0	1	1	0	0	0	1	0	0	0	0	0	16466	2	1	30084	1994	1995	500	11
418000	0	3	1	1	1	0	0	0	0	0	2	0	13326	2	3	27690	683	684	500	11
567500	0	2	1	1	0	1	1	0	0	0	0	0	12394	1	1	14227	1322	1323	500	11
38000	0	1	0	1	0	0	0	0	1	0	0	0	6909	2	2	8867	2753	2754	500	11
114000	0.05	2	2	1	1	0	0	1	0	0	0	0	76199	1	1	5519	367	368	500	11
265000	0	2	4	2	2	0	0	0	0	0	0	0	36095	2	3	23633	802	803	500	11
490000	0	2	1	2	1	1	0	0	0	0	0	0	68430	1	1	16247	2577	2578	500	11
340000	0	1	2	1	1	0	0	0	0	0	0	0	80942	1	3	30109	2010	2011	500	11
568000	0.073	2	2	0	0	0	0	2	0	0	0	0	43626	1	1	14278	1359	1360	500	11
340500	0.031	1	1	0	0	0	0	1	0	0	0	0	9673	2	1	30141	1650	1651	500	11
418500	0	1	1	1	1	0	0	0	0	0	0	0	32076	1	1	28036	498	499	500	11
341000	0	1	1	0	0	0	0	1	0	0	0	0	11745	2	3	30166	1653	1654	500	11
265500	0	3	3	1	1	0	0	1	0	0	0	1	39484	2	3	23643	814	815	500	11
490500	0	2	2	2	2	0	0	0	0	0	0	0	232863	1	1	16318	2535	2536	500	11
341500	0	4	2	1	1	0	0	1	0	0	0	2	30686	2	1	30183	1661	1662	500	11
114500	0.05	2	3	2	1	1	0	0	0	0	0	0	88958	1	1	5526	369	370	500	11
38500	0	3	2	2	2	0	0	0	0	0	1	0	361278	1	1	9018	2626	2627	500	11
568500	0.073	4	2	1	1	0	0	1	0	0	1	1	28143	1	4	14334	1367	1368	500	11
266000	0.032	2	2	2	1	1	0	0	0	0	0	0	50532	2	3	23653	777	778	500	11
419000	0	2	2	2	1	0	0	0	1	0	0	0	31902	1	3	28092	503	504	500	11
39000	0	2	2	2	1	1	0	0	0	0	0	0	107890	1	1	25319	2687	2688	500	11
419500	0	3	2	0	0	0	1	2	0	0	0	0	42421	1	1	28143	535	536	500	11
266500	0.032	2	2	2	2	0	0	0	0	0	0	0	31035	1	1	23660	775	776	500	11
569000	0	4	4	1	1	0	0	1	1	0	1	0	58165	1	1	14421	1299	1300	500	11
197000	0.069	2	3	2	0	2	0	0	0	0	0	0	51750	1	1	6960	1587	1588	500	11
420000	0	2	1	0	0	0	2	0	0	0	0	0	18137	1	1	28192	552	553	500	11
115000	0	6	1	1	1	0	0	1	0	0	3	1	12192	2	3	5539	348	349	500	11
267000	0.038	1	1	1	1	0	0	0	0	0	0	0	35559	2	3	23669	839	840	500	11
39500	0.095	2	2	1	1	0	0	1	0	0	0	0	95156	1	1	25380	2783	2784	500	11
342000	0	5	2	2	1	1	0	0	0	0	3	0	79175	1	1	30195	1656	1657	500	11
115500	0	2	0	0	0	0	0	2	0	0	0	0	20320	2	1	5558	351	352	500	11
491000	0.049	7	2	1	1	0	0	1	0	0	5	0	99437	1	1	16369	2593	2594	500	11
267500	0.038	2	2	2	0	2	0	0	0	0	0	0	38492	2	3	23675	842	843	500	11
197500	0	2	2	2	2	0	0	0	0	0	0	0	64488	1	4	6987	1488	1489	500	11
420500	0	3	0	2	2	0	0	0	0	0	1	0	84640	1	1	28204	556	557	500	11
569500	0	3	1	1	1	0	0	0	0	0	2	0	81058	2	3	14559	1326	1327	500	11
268000	0.038	1	1	1	1	0	0	0	0	0	0	0	45719	2	3	23680	837	838	500	11
198000	0	3	3	0	0	0	2	1	0	0	0	0	24989	1	4	7796	1472	1473	500	11
342500	0	2	2	2	2	0	0	0	0	0	0	0	69499	1	1	30219	1654	1655	500	11
570000	0	2	1	1	1	0	0	1	0	0	0	0	125626	1	1	14608	1329	1330	500	11
421000	0	1	1	1	1	0	0	0	0	0	0	0	29613	2	3	28233	236	237	500	11
198500	0	3	2	0	0	0	0	2	0	0	1	0	16781	1	1	8026	1500	1501	500	11
343000	0	2	3	1	0	1	0	1	0	0	0	0	79602	1	1	30235	1745	1746	500	11
268500	0.032	2	2	1	1	0	0	1	0	0	0	0	44907	1	1	23689	776	777	500	11
491500	0.049	3	2	1	1	0	0	0	0	0	2	0	82166	1	1	16375	2597	2598	500	11
570500	0	2	2	1	0	1	0	1	0	0	0	0	28869	1	1	14628	1328	1329	500	11
269000	0.032	1	1	1	1	0	0	0	0	0	0	0	36353	2	3	23690	773	774	500	11
199000	0.065	3	4	1	1	0	0	1	0	0	0	1	30526	2	3	8084	1478	1479	500	11
116000	0	5	2	1	0	1	0	1	0	0	3	0	23394	1	1	5572	337	338	500	11
40000	0	5	2	2	2	0	0	0	0	0	2	1	38099	1	1	25395	2774	2775	500	11
343500	0.03	2	2	2	2	0	0	0	0	0	0	0	90752	2	3	30311	1819	1820	500	11
269500	0.032	1	1	1	1	0	0	0	0	0	0	0	49355	2	3	23690	773	774	500	11
116500	0	2	0	0	0	0	0	2	0	0	0	0	5560	2	3	5595	324	325	500	11
421500	0	4	3	1	0	1	0	1	0	0	2	0	83331	2	3	28606	983	984	500	11
571000	0	2	4	2	2	0	0	0	0	0	0	0	68518	1	1	14700	1302	1303	500	11
270000	0.038	1	1	1	1	0	0	0	0	0	0	0	75283	2	3	23701	841	842	500	11
117000	0	5	4	0	0	0	0	3	0	0	1	1	19347	2	3	5595	324	325	500	11
270500	0.201	1	2	1	1	0	0	0	0	0	0	0	56668	1	2	23705	846	847	500	11
344000	0.03	2	2	2	1	1	0	0	0	0	0	0	33352	2	3	30324	1820	1821	500	11
492000	0.049	4	2	2	2	0	0	0	0	0	2	0	118870	1	1	16391	2594	2595	500	11
422000	0	3	1	0	0	0	0	1	0	1	1	0	2352	2	3	28664	984	985	500	11
571500	0	3	3	3	2	0	0	0	0	1	0	0	129538	1	1	14734	1315	1316	500	11
199500	0.065	4	2	2	2	0	0	0	1	0	1	0	107768	1	1	8101	1485	1486	500	11
572000	0	1	1	0	0	0	0	1	0	0	0	0	113790	2	1	14803	1317	1318	500	11
40500	0	5	3	2	1	1	0	0	0	0	1	2	39623	2	1	31187	2808	2809	500	11
271000	0.076	2	3	2	2	0	0	0	0	0	0	0	70568	1	1	23708	797	798	500	11
492500	0.049	3	1	1	1	0	0	0	0	0	2	0	48767	1	1	16418	2599	2600	500	11
117500	0.07	2	4	2	2	0	0	0	0	0	0	0	97971	1	1	5609	319	320	500	11
271500	0	1	1	1	1	0	0	0	0	0	0	0	30473	2	3	23717	793	794	500	11
41000	0	1	1	1	1	0	0	0	0	0	0	0	27639	1	1	31291	2758	2759	500	11
422500	0	3	0	1	1	0	0	0	0	0	1	1	15794	2	3	28711	531	532	500	11
272000	0	1	1	1	1	0	0	0	0	0	0	0	17532	2	3	23722	848	849	500	11
41500	0	2	0	0	0	0	0	1	0	0	1	0	9674	1	1	31507	2814	2815	500	11
572500	0	2	2	2	1	1	0	0	0	0	0	0	57745	1	1	14883	1290	1291	500	11
118000	0.07	2	2	2	2	0	0	0	0	0	0	0	82625	2	3	5609	319	320	500	11
118500	0.07	1	1	1	0	0	0	0	1	0	0	0	17780	2	3	5634	314	315	500	11
42000	0	2	1	0	0	0	1	1	0	0	0	0	28818	1	1	32205	2816	2817	500	11
200000	0	5	2	2	2	0	0	0	0	0	3	0	114806	2	4	8127	1502	1503	500	11
119000	0	1	1	1	1	0	0	0	0	0	0	0	2134	2	3	5651	309	310	500	11
344500	0.03	4	3	2	2	0	0	0	0	0	1	1	41457	2	1	30354	1821	1822	500	11
272500	0.201	4	2	3	3	0	0	0	0	0	1	0	50799	1	4	23730	845	846	500	11
493000	0.049	4	2	2	2	0	0	0	0	0	2	0	173311	1	1	16444	2604	2605	500	11
423000	0	3	1	0	0	0	0	1	0	0	0	2	4333	2	3	28735	513	514	500	11
273000	0	1	1	1	1	0	0	0	0	0	0	0	2320	1	2	23741	790	791	500	11
200500	0.065	2	2	1	1	0	0	0	1	0	0	0	60959	1	1	8209	1477	1478	500	11
119500	0.169	3	1	1	1	0	0	0	0	0	0	2	6550	2	3	5662	308	309	500	11
423500	0	2	2	1	1	0	0	1	0	0	0	0	31191	2	3	28778	511	512	500	11
345000	0.03	3	3	2	2	0	0	0	0	0	1	0	134065	1	1	30364	1826	1827	500	11
120000	0	2	1	1	1	0	0	0	0	0	0	1	22703	2	3	5678	313	314	500	11
424000	0	2	2	1	1	0	0	1	0	0	0	0	24592	2	2	29070	508	509	500	11
573000	0	5	4	2	2	0	0	0	0	2	1	0	57169	1	4	14992	1305	1306	500	11
273500	0	3	2	2	2	0	0	1	0	0	0	0	104783	2	2	23742	794	795	500	11
573500	0	1	3	0	0	0	0	1	0	0	0	0	113790	2	1	15012	1282	1283	500	11
42500	0	3	3	3	2	0	0	0	1	0	0	0	177596	1	1	32320	2686	2687	500	11
345500	0	3	2	1	1	0	0	1	0	0	0	1	56427	1	1	30371	1829	1830	500	11
120500	0	2	1	0	0	0	0	2	0	0	0	0	8263	2	3	6553	487	488	500	11
574000	0	3	3	1	1	0	2	0	0	0	0	0	34736	1	1	15054	1284	1285	500	11
201000	0.065	6	3	1	0	1	0	3	0	0	1	1	81888	1	1	8227	1486	1487	500	11
574500	0	1	1	0	0	0	1	0	0	0	0	0	15794	1	1	15150	1285	1286	500	11
493500	0.049	5	3	1	1	0	0	1	0	1	2	0	124990	1	1	16463	2603	2604	500	11
274000	0.032	1	1	1	1	0	0	0	0	0	0	0	36095	2	3	23749	774	775	500	11
43000	0	2	2	0	0	0	1	1	0	0	0	0	59927	1	1	32399	2638	2639	500	11
424500	0	3	3	2	2	0	0	1	0	0	0	0	435197	1	1	6321	1260	1261	500	11
494000	0.049	1	1	1	1	0	0	0	0	0	0	0	45900	1	3	16507	2608	2609	500	11
43500	0	1	1	0	0	0	1	0	0	0	0	0	4	2	3	32475	2707	2708	500	11
121000	0	2	4	2	2	0	0	0	0	0	0	0	87658	1	1	6572	482	483	500	11
44000	0	1	1	1	1	0	0	0	0	0	0	0	72706	1	1	32523	2632	2633	500	11
201500	0	2	4	2	2	0	0	0	0	0	0	0	89406	1	1	10543	1577	1578	500	11
346000	0.131	4	2	1	1	0	0	0	1	0	2	0	21437	2	3	30384	1860	1861	500	11
425000	0	2	2	1	0	1	1	0	0	0	0	0	611132	1	1	6361	1254	1255	500	11
274500	0.032	2	3	1	1	0	0	0	0	1	0	0	33146	2	3	23758	771	772	500	11
275000	0	1	1	0	0	0	0	1	0	0	0	0	35559	1	2	25222	738	739	500	11
121500	0	1	0	0	0	0	0	1	0	0	0	0	10266	2	3	6587	484	485	500	11
575000	0	3	2	2	2	0	0	0	0	0	0	1	42982	2	3	15246	1288	1289	500	11
44500	0	1	0	0	0	0	1	0	0	0	0	0	8233	2	3	32549	2702	2703	500	11
202000	0	2	2	1	1	0	1	0	0	0	0	0	48435	1	1	10574	1582	1583	500	11
425500	0	1	1	1	1	0	0	0	0	0	0	0	145400	1	1	6378	1256	1257	500	11
346500	0	2	1	1	1	0	0	0	0	0	0	1	40305	1	1	30399	1742	1743	500	11
494500	0	4	2	1	1	0	1	1	0	1	0	0	50393	1	4	16569	2573	2574	500	11
122000	0	1	1	1	1	0	0	0	0	0	0	0	21356	2	1	9217	716	717	500	11
202500	0	1	1	1	1	0	0	0	0	0	0	0	29221	2	1	10602	1592	1593	500	11
575500	0	3	2	0	0	0	1	1	0	1	0	0	2369	1	1	15363	1292	1293	500	11
122500	0	1	1	1	1	0	0	0	0	0	0	0	110321	1	1	9228	704	705	500	11
347000	0.131	2	2	2	1	1	0	0	0	0	0	0	158726	1	1	30442	1863	1864	500	11
203000	0.069	2	3	2	2	0	0	0	0	0	0	0	54660	2	1	10618	1588	1589	500	11
495000	0	2	2	1	1	0	0	0	0	0	1	0	45343	1	1	16745	2569	2570	500	11
426000	0	6	2	1	1	0	0	1	0	0	2	2	7897	2	2	6412	1252	1253	500	11
576000	0	3	2	1	0	1	0	1	0	0	1	0	248883	1	1	15522	1266	1267	500	11
275500	0	4	3	2	1	0	0	1	0	1	1	0	105705	1	1	25228	739	740	500	11
276000	0	1	0	0	0	0	0	1	0	0	0	0	47139	1	2	25243	726	727	500	11
495500	0	1	1	0	0	0	1	0	0	0	0	0	9245	1	4	16839	2434	2435	500	11
123000	0.054	3	2	1	1	0	0	1	0	0	0	1	27844	2	3	9242	689	690	500	11
347500	0.03	2	2	2	2	0	0	0	0	0	0	0	74032	1	1	30499	1824	1825	500	11
426500	0	2	3	1	1	0	0	1	0	0	0	0	123387	1	1	6435	1251	1252	500	11
276500	0.196	2	2	1	1	0	0	1	0	0	0	0	51564	2	3	25265	824	825	500	11
576500	0	1	1	1	1	0	0	0	0	0	0	0	48115	1	1	15695	1293	1294	500	11
203500	0.069	3	3	2	2	0	0	1	0	0	0	0	53404	1	1	10637	1589	1590	500	11
427000	0	1	1	1	1	0	0	0	0	0	0	0	70568	1	1	6473	10	11	500	11
204000	0	2	1	1	1	0	1	0	0	0	0	0	41655	1	1	10656	1562	1563	500	11
577000	0	2	2	2	1	1	0	0	0	0	0	0	33680	2	4	15734	1296	1297	500	11
496000	0	4	4	2	2	0	0	0	0	2	0	0	211601	1	1	16887	2531	2532	500	11
427500	0	2	4	2	2	0	0	0	0	0	0	0	51815	1	1	10183	5	6	500	11
577500	0	1	1	1	1	0	0	0	0	0	0	0	25782	2	3	15753	1289	1290	500	11
348000	0.03	4	2	2	2	0	0	0	0	0	1	1	99002	1	1	30508	1824	1825	500	11
277000	0.196	4	2	2	2	0	0	0	0	0	2	0	81279	2	3	25304	823	824	500	11
123500	0	6	1	1	1	0	0	1	0	0	3	1	12192	2	3	9496	425	426	500	11
45000	0	7	3	3	1	2	0	0	0	0	2	2	40668	2	4	32572	2709	2710	500	11
348500	0	1	1	1	1	0	0	0	0	0	0	0	42671	1	1	30548	1725	1726	500	11
124000	0	1	1	1	1	0	0	0	0	0	0	0	50799	1	1	9577	447	448	500	11
578000	0	2	2	1	1	0	0	1	0	0	0	0	9837	2	1	15771	1312	1313	500	11
277500	0.089	2	2	2	2	0	0	0	0	0	0	0	158197	1	1	25313	821	822	500	11
578500	0	2	2	1	1	0	0	1	0	0	0	0	27244	1	1	15833	1295	1296	500	11
428000	0	2	2	2	2	0	0	0	0	0	0	0	804476	1	1	10199	14	15	500	11
45500	0	2	2	2	0	2	0	0	0	0	0	0	70534	1	1	32638	2761	2762	500	11
579000	0	2	0	0	0	0	0	1	1	0	0	0	9774	2	3	16043	1327	1328	500	11
428500	0	1	1	1	1	0	0	0	0	0	0	0	40630	2	3	10202	11	12	500	11
46000	0.124	1	1	1	1	0	0	0	0	0	0	0	52457	1	4	32697	2742	2743	500	11
124500	0	3	3	1	1	0	0	2	0	0	0	0	19202	1	1	9591	437	438	500	11
278000	0.196	4	3	0	0	0	0	4	0	0	0	0	52203	2	1	25316	826	827	500	11
429000	0	2	2	2	1	1	0	0	0	0	0	0	53461	1	3	10207	11	12	500	11
204500	0	8	3	3	3	0	0	0	0	0	5	0	67239	2	4	10681	1563	1564	500	11
496500	0	6	2	2	2	0	0	0	0	0	4	0	118847	1	1	16916	2534	2535	500	11
125000	0	2	2	0	0	0	1	1	0	0	0	0	34055	1	4	9609	379	380	500	11
278500	0	1	1	1	1	0	0	0	0	0	0	0	36888	2	3	27873	784	785	500	11
579500	0	5	1	1	1	0	0	1	0	3	0	0	42468	1	1	16103	1269	1270	500	11
349000	0.133	3	3	2	2	0	0	0	0	0	0	1	106607	1	1	30594	1873	1874	500	11
349500	0.133	1	1	0	0	0	1	0	0	0	0	0	1829	1	1	30658	1874	1875	500	11
279000	0	3	2	1	1	0	1	1	0	0	0	0	28244	2	4	27899	786	787	500	11
580000	0.073	1	2	1	0	1	0	0	0	0	0	0	20858	2	3	16968	1371	1372	500	11
205000	0	2	2	1	0	1	0	1	0	0	0	0	21437	1	1	10709	1491	1492	500	11
580500	0	1	1	0	0	0	0	0	1	0	0	0	0	9	9	32980	2734	2735	500	11
279500	0.201	2	1	0	0	0	2	0	0	0	0	0	27145	1	1	27932	844	845	500	11
125500	0.05	2	2	2	1	1	0	0	0	0	0	0	57252	1	1	9626	373	374	500	11
280000	0	2	2	0	0	0	0	2	0	0	0	0	33527	2	1	27953	737	738	500	11
46500	0	4	4	2	2	0	0	1	0	0	1	0	60756	1	4	32747	2714	2715	500	11
350000	0	3	3	3	3	0	0	0	0	0	0	0	47129	1	4	30672	1728	1729	500	11
581000	0.093	1	0	1	0	0	0	0	1	0	0	0	0	9	9	6122	637	638	500	11
126000	0	1	1	0	0	0	1	0	0	0	0	0	23276	1	1	9647	375	376	500	11
497000	0.139	3	3	3	2	0	0	0	1	0	0	0	21244	1	1	17001	2558	2559	500	11
280500	0.196	2	1	0	0	0	0	0	2	0	0	0	2961	2	3	27961	825	826	500	11
429500	0	4	2	2	1	1	0	0	0	0	2	0	169043	1	1	10290	1247	1248	500	11
350500	0.133	2	2	1	1	0	0	0	0	0	1	0	52598	2	2	30731	1868	1869	500	11
581500	0	1	1	1	0	0	0	0	1	0	0	0	0	9	9	10002	625	626	500	11
497500	0	2	2	2	1	1	0	0	0	0	0	0	69503	1	1	17140	2477	2478	500	11
430000	0	1	2	1	1	0	0	0	0	0	0	0	89814	2	3	10302	1117	1118	500	11
47000	0	3	3	2	1	1	0	0	0	0	0	1	145301	1	1	32801	2627	2628	500	11
281000	0.196	2	2	1	1	0	0	0	0	1	0	0	31488	1	1	27972	828	829	500	11
582000	0	1	1	1	1	0	0	0	0	0	0	0	0	9	9	26800	634	635	500	11
47500	0.04	1	1	0	0	0	1	0	0	0	0	0	0	1	1	32872	2716	2717	500	11
582500	0	1	0	1	0	0	0	0	1	0	0	0	0	9	9	26809	634	635	500	11
48000	0	2	2	1	1	0	0	1	0	0	0	0	108284	1	1	32917	2764	2765	500	11
205500	0	5	1	1	1	0	0	1	0	0	3	0	101065	1	1	10752	1501	1502	500	11
48500	0	1	1	0	0	0	1	0	0	0	0	0	10769	2	3	32955	2710	2711	500	11
583000	0	1	1	0	0	0	0	0	1	0	0	0	0	9	9	26812	633	634	500	11
49000	0	1	1	0	0	0	1	0	0	0	0	0	28527	1	1	33000	2732	2733	500	11
430500	0	2	3	2	2	0	0	0	0	0	0	0	90829	1	3	10312	1116	1117	500	11
281500	0.076	2	1	1	1	0	0	0	0	0	0	1	20213	2	3	28278	796	797	500	11
126500	0	4	2	1	0	0	0	1	1	0	1	1	15057	2	1	9669	399	400	500	11
351000	0	5	1	2	1	1	0	0	0	0	2	1	67360	1	1	30769	1719	1720	500	11
49500	0.04	1	1	0	0	0	0	1	0	0	0	0	22703	2	3	33035	2720	2721	500	11
498000	0	4	4	2	2	0	0	0	0	0	2	0	124784	1	1	17167	2478	2479	500	11
206000	0	3	3	2	2	0	0	0	0	0	1	0	118870	1	4	10816	1493	1494	500	11
583500	0	1	1	1	0	0	0	0	1	0	0	0	0	9	9	26812	633	634	500	11
584000	0	1	1	0	0	0	0	1	0	0	0	0	0	9	9	26000	1957	1958	500	11
127000	0	2	1	1	1	0	0	0	1	0	0	0	23100	2	3	9676	399	400	500	11
282000	0	3	1	1	1	0	0	0	0	0	2	0	25661	2	3	28394	849	850	500	11
351500	0.096	3	4	2	2	0	1	0	0	0	0	0	102375	1	1	30803	1904	1905	500	11
584500	0	1	1	1	0	0	0	0	1	0	0	0	0	9	9	31708	1908	1909	500	11
431000	0	3	2	1	1	0	0	1	1	0	0	0	72189	1	1	10378	21	22	500	11
50000	0	2	2	2	2	0	0	0	0	0	0	0	82502	1	1	33066	2731	2732	500	11
206500	0	3	4	0	0	0	2	1	0	0	0	0	47761	1	1	10880	1467	1468	500	11
498500	0	3	1	2	2	0	0	0	0	0	0	1	135790	1	1	17188	2480	2481	500	11
585000	0	1	1	1	0	0	0	0	1	0	0	0	0	9	9	31720	1909	1910	500	11
585500	0	1	0	0	0	0	0	0	1	0	0	0	0	9	9	31720	1909	1910	500	11
50500	0	2	2	2	2	0	0	0	0	0	0	0	88390	1	1	33089	2728	2729	500	11
207000	0	2	2	0	0	0	2	0	0	0	0	0	37332	1	1	10943	1569	1570	500	11
282500	0.052	4	1	1	1	0	0	0	1	0	1	1	35559	1	1	3994	1710	1711	500	11
207500	0	2	1	0	0	0	2	0	0	0	0	0	58927	1	1	11012	1469	1470	500	11
127500	0	3	2	2	2	0	0	0	0	0	0	1	89814	1	1	9686	331	332	500	11
586000	0	1	0	1	0	0	0	0	1	0	0	0	0	9	9	31741	1910	1911	500	11
499000	0	2	2	1	1	0	0	0	0	0	1	0	113516	2	3	17202	2480	2481	500	11
51000	0	2	4	0	0	0	0	2	0	0	0	0	53402	1	1	149	2224	2225	500	11
586500	0	1	1	0	0	0	0	0	1	0	0	0	0	9	9	31741	1910	1911	500	11
208000	0.085	2	4	1	1	0	0	1	0	0	0	0	7154	2	3	11026	1555	1556	500	11
128000	0	2	2	0	0	0	2	0	0	0	0	0	34340	3	3	9702	393	394	500	11
128500	0	2	1	0	0	0	1	1	0	0	0	0	23630	1	1	10408	488	489	500	11
431500	0	3	3	3	3	0	0	0	0	0	0	0	138397	1	1	10401	0	1	500	11
283000	0.052	2	2	0	0	0	2	0	0	0	0	0	109226	1	2	4018	1705	1706	500	11
587000	0	1	1	0	0	0	0	0	1	0	0	0	0	9	9	31743	1910	1911	500	11
129000	0	2	2	0	0	0	0	2	0	0	0	0	14438	1	1	10426	480	481	500	11
587500	0	1	0	0	0	0	0	1	0	0	0	0	0	9	9	21901	1019	1020	500	11
129500	0	2	1	0	0	0	2	0	0	0	0	0	37693	1	2	10522	402	403	500	11
499500	0.092	2	2	2	2	0	0	0	0	0	0	0	53626	1	1	17219	2483	2484	500	11
588000	0	1	0	0	0	0	0	1	0	0	0	0	0	9	9	22388	164	165	500	11
500000	0	1	3	1	1	0	0	0	0	0	0	0	367785	1	1	17230	2422	2423	500	11
130000	0.054	1	1	1	1	0	0	0	0	0	0	0	32076	1	4	23302	686	687	500	11
432000	0	2	3	2	2	0	0	0	0	0	0	0	96251	1	1	21286	104	105	500	11
208500	0	2	1	1	1	0	1	0	0	0	0	0	36271	1	1	11066	1540	1541	500	11
588500	0	1	1	0	0	0	0	1	0	0	0	0	0	9	9	22390	164	165	500	11
283500	0	2	2	2	2	0	0	0	0	0	0	0	71119	1	1	4038	1693	1694	500	11
589000	0	1	0	0	0	0	0	0	1	0	0	0	0	9	9	23166	967	968	500	11
284000	0	2	2	0	0	0	0	2	0	0	0	0	123387	1	1	4331	1699	1700	500	11
432500	0	1	1	1	1	0	0	0	0	0	0	0	36128	1	1	21312	18	19	500	11
130500	0.054	2	3	2	2	0	0	0	0	0	0	0	85537	1	1	23357	688	689	500	11
589500	0	1	1	1	0	0	0	0	1	0	0	0	0	9	9	23167	967	968	500	11
51500	0	4	2	1	1	0	0	1	0	0	1	1	314379	1	1	344	2107	2108	500	11
500500	0.092	4	2	1	1	0	0	1	0	0	1	1	383633	1	1	17241	2482	2483	500	11
52000	0	1	1	0	0	0	0	1	0	0	0	0	108823	1	1	415	2103	2104	500	11
209000	0.398	3	3	2	2	0	0	0	0	1	0	0	63526	2	1	11117	1606	1607	500	11
284500	0	2	1	0	0	0	0	1	0	0	1	0	17373	1	4	4350	1613	1614	500	11
52500	0	2	2	0	0	0	2	0	0	0	0	0	28752	2	3	431	2110	2111	500	11
590000	0	1	0	1	0	0	0	0	1	0	0	0	0	9	9	23168	967	968	500	11
590500	0	1	0	0	0	0	0	0	1	0	0	0	0	9	9	23168	967	968	500	11
501000	0	2	4	1	1	0	1	0	0	0	0	0	53626	1	1	17269	2479	2480	500	11
209500	0	2	3	2	1	1	0	0	0	0	0	0	40003	1	1	11144	1578	1579	500	11
131000	0.054	2	2	2	2	0	0	0	0	0	0	0	110346	2	1	23479	695	696	500	11
501500	0	1	1	1	1	0	0	0	0	0	0	0	37126	2	3	17284	2424	2425	500	11
131500	0	1	1	0	0	0	1	0	0	0	0	0	5429	2	3	23770	436	437	500	11
53000	0.156	3	2	2	2	0	0	0	0	0	1	0	60457	2	2	487	2113	2114	500	11
591000	0	1	0	1	0	0	0	0	1	0	0	0	0	9	9	23168	967	968	500	11
285000	0	3	3	3	3	0	0	0	0	0	0	0	60256	1	4	4370	1614	1615	500	11
433000	0	3	3	3	3	0	0	0	0	0	0	0	128819	2	1	21319	19	20	500	11
210000	0.085	3	3	2	1	1	0	0	0	1	0	0	88167	1	1	11174	1557	1558	500	11
285500	0	1	1	0	0	0	1	0	0	0	0	0	15114	1	1	4379	1617	1618	500	11
210500	0.085	2	1	0	0	0	2	0	0	0	0	0	40220	1	1	11195	1560	1561	500	11
132000	0	2	1	1	1	0	0	0	0	1	0	0	84326	1	1	23799	433	434	500	11
591500	0	1	0	0	0	0	0	0	1	0	0	0	0	9	9	23168	967	968	500	11
286000	0	1	2	1	1	0	0	0	0	0	0	0	36364	1	1	4385	1616	1617	500	11
502000	0	3	2	1	1	0	0	1	0	0	0	1	72272	2	3	17308	2454	2455	500	11
592000	0	1	0	0	0	0	0	0	1	0	0	0	0	9	9	23200	972	973	500	11
352000	0	7	2	2	2	0	0	0	0	0	3	2	120915	1	1	30830	1854	1855	500	11
592500	0	1	0	1	0	0	0	0	1	0	0	0	0	9	9	23202	969	970	500	11
53500	0	3	2	2	2	0	0	0	0	0	1	0	163537	1	1	502	2177	2178	500	11
593000	0	1	0	0	0	0	0	0	1	0	0	0	0	9	9	23204	969	970	500	11
433500	0	3	2	2	2	0	0	0	0	0	1	0	83114	1	1	21326	106	107	500	11
286500	0	3	3	1	1	0	0	2	0	0	0	0	111584	1	1	4391	1621	1622	500	11
434000	0	1	1	0	0	0	1	0	0	0	0	0	37887	1	1	21336	107	108	500	11
593500	0	1	0	0	0	0	0	0	1	0	0	0	0	9	9	25116	897	898	500	11
132500	0	2	2	2	2	0	0	0	0	0	0	0	52699	1	1	23813	454	455	500	11
352500	0.058	2	1	2	0	0	0	0	2	0	0	0	10363	2	3	30863	1977	1978	500	11
211000	0	5	2	2	2	0	0	0	0	0	2	1	49978	1	1	11235	1553	1554	500	11
594000	0	1	1	0	0	0	0	0	1	0	0	0	0	9	9	25117	897	898	500	11
502500	0	4	4	1	1	0	0	1	0	0	2	0	82502	1	1	17330	2450	2451	500	11
287000	0	2	2	1	1	0	0	0	0	1	0	0	50681	1	1	5717	1620	1621	500	11
594500	0	1	0	0	0	0	0	1	0	0	0	0	0	9	9	27212	1026	1027	500	11
595000	0	1	0	0	0	0	0	0	1	0	0	0	0	9	9	27224	954	955	500	11
133000	0	2	1	1	1	0	0	0	0	0	1	0	20137	2	3	23823	423	424	500	11
595500	0	1	0	0	0	0	0	0	1	0	0	0	0	9	9	27224	954	955	500	11
54000	0	4	3	1	1	0	0	1	1	0	1	0	152550	1	1	525	2180	2181	500	11
434500	0.039	4	4	4	4	0	0	0	0	0	0	0	135097	2	3	21342	110	111	500	11
287500	0	1	1	1	1	0	0	0	0	0	0	0	37591	2	3	5729	1628	1629	500	11
211500	0	4	2	2	2	0	0	0	0	0	1	1	42163	2	1	11273	1547	1548	500	11
133500	0	2	1	0	0	0	1	1	0	0	0	0	15778	1	4	23831	424	425	500	11
212000	0.041	1	1	0	0	0	1	0	0	0	0	0	37905	1	1	11361	1522	1523	500	11
596000	0	1	1	1	0	0	0	0	1	0	0	0	0	9	9	27257	1027	1028	500	11
503000	0	4	2	1	1	0	0	1	0	0	1	1	138194	1	1	17360	2451	2452	500	11
54500	0	2	3	1	1	0	0	1	0	0	0	0	102411	1	1	557	2182	2183	500	11
353000	0.096	7	1	0	0	0	0	1	0	0	3	3	302	3	3	30872	1906	1907	500	11
435000	0.039	3	1	1	1	0	0	0	0	0	1	1	30938	2	3	21344	108	109	500	11
288000	0	3	2	1	1	0	0	0	0	1	0	1	26158	2	3	5741	1622	1623	500	11
134000	0	3	2	2	1	1	1	0	0	0	0	0	68317	1	1	23876	421	422	500	11
596500	0	1	2	1	0	0	0	0	1	0	0	0	0	9	9	27422	948	949	500	11
503500	0	2	1	2	2	0	0	0	0	0	0	0	175316	1	3	17411	2455	2456	500	11
353500	0.096	4	3	1	1	0	0	1	0	0	2	0	19951	2	3	30882	1905	1906	500	11
597000	0	1	0	1	0	0	0	0	1	0	0	0	0	9	9	27446	949	950	500	11
212500	0.398	5	4	2	2	0	0	0	0	0	3	0	128306	1	1	28962	1605	1606	500	11
354000	0.081	1	1	0	0	0	0	1	0	0	0	0	14529	1	1	30902	1853	1854	500	11
435500	0.039	2	2	2	2	0	0	0	0	0	0	0	86317	1	1	21345	108	109	500	11
134500	0	4	4	1	1	0	0	1	2	0	0	0	32076	2	3	23897	414	415	500	11
213000	0.398	3	2	2	1	1	0	0	0	0	0	1	51815	1	1	29005	1597	1598	500	11
55000	0	6	2	1	1	0	0	1	0	0	2	2	38157	1	1	594	2183	2184	500	11
597500	0	1	0	1	0	0	0	0	1	0	0	0	0	9	9	27449	949	950	500	11
135000	0	1	1	1	1	0	0	0	0	0	0	0	21384	2	1	23925	468	469	500	11
213500	0.398	3	2	2	2	0	0	0	0	0	1	0	118870	1	4	29038	1603	1604	500	11
214000	0.193	1	1	0	0	0	1	0	0	0	0	0	1238	3	3	29062	1526	1527	500	11
214500	0	1	0	0	0	0	1	0	0	0	0	0	12635	2	3	29114	1550	1551	500	11
288500	0	4	4	3	3	0	0	0	0	0	0	1	117613	1	1	5758	1625	1626	500	11
289000	0.052	1	1	0	0	0	1	0	0	0	0	0	40309	1	4	8958	1709	1710	500	11
135500	0	2	3	0	0	0	2	0	0	0	0	0	28224	1	1	23971	420	421	500	11
354500	0.081	5	3	2	2	0	0	0	0	1	1	1	165003	1	1	30928	1847	1848	500	11
598000	0	1	1	1	0	0	0	0	1	0	0	0	0	9	9	27527	659	660	500	11
504000	0.067	5	2	1	1	0	0	1	0	0	2	1	80610	1	1	17424	2476	2477	500	11
436000	0.039	2	2	2	1	0	0	0	1	0	0	0	48366	1	1	21345	108	109	500	11
436500	0	1	0	0	0	0	0	1	0	0	0	0	12898	2	3	21421	16	17	500	11
215000	0.041	2	2	1	1	0	0	0	1	0	0	0	50381	1	2	29171	1516	1517	500	11
598500	0	1	0	1	0	0	0	0	1	0	0	0	0	9	9	28036	498	499	500	11
55500	0	5	2	2	2	0	0	0	0	0	3	0	88740	1	1	624	2163	2164	500	11
599000	0	1	0	0	0	0	0	1	0	0	0	0	0	9	9	28710	531	532	500	11
437000	0.058	2	2	2	2	0	0	0	0	0	0	0	71158	2	3	21499	71	72	500	11
355000	0.081	3	2	1	1	0	0	1	0	0	1	0	332652	1	1	30968	1852	1853	500	11
289500	0.052	4	1	1	1	0	0	1	0	0	2	0	133447	1	1	8973	1707	1708	500	11
599500	0	1	1	0	0	0	0	0	1	0	0	0	0	9	9	22122	1089	1090	500	11
56000	0	1	1	1	1	0	0	0	0	0	0	0	38492	1	1	655	2171	2172	500	11
504500	0.067	3	2	2	2	0	0	1	0	0	0	0	89246	1	1	17475	2463	2464	500	11
600000	0	1	0	0	0	0	0	0	1	0	0	0	0	9	9	22122	1089	1090	500	11
136000	0	3	3	2	2	0	0	0	0	0	1	0	115822	1	1	23988	415	416	500	11
437500	0	2	3	2	2	0	0	0	0	0	0	0	42695	1	3	21510	86	87	500	11
290000	0	2	2	0	0	0	2	0	0	0	0	0	57606	1	1	8993	1690	1691	500	11
355500	0.052	3	3	1	1	0	1	1	0	0	0	0	59876	1	1	31005	1712	1713	500	11
215500	0.193	5	2	2	1	1	0	0	0	1	2	0	57252	1	1	29230	1528	1529	500	11
600500	0	1	2	1	1	0	0	0	0	0	0	0	0	9	9	19739	2388	2389	500	11
438000	0.058	1	1	1	1	0	0	0	0	0	0	0	93556	1	2	21534	72	73	500	11
505000	0.067	4	3	2	1	1	0	0	0	1	1	0	83310	1	1	17570	2463	2464	500	11
216000	0.26	2	2	0	0	0	0	2	0	0	0	0	8663	2	3	29262	1534	1535	500	11
290500	0	3	2	2	1	1	0	0	0	0	1	0	95908	1	1	9005	1692	1693	500	11
136500	0	3	3	2	2	0	0	0	0	1	0	0	100506	1	1	23993	415	416	500	11
216500	0.041	2	2	2	1	1	0	0	0	0	0	0	640068	1	1	29315	1505	1506	500	11
356000	0	4	1	1	1	0	0	0	0	0	3	0	11963	2	3	31023	1891	1892	500	11
505500	0	2	2	1	1	0	0	0	0	1	0	0	112652	1	1	17606	2414	2415	500	11
56500	0	4	4	4	4	0	0	0	0	0	0	0	71316	2	1	675	2165	2166	500	11
506000	0	1	1	1	1	0	0	0	0	0	0	0	174850	2	3	17645	2410	2411	500	11
438500	0.076	7	3	4	4	0	0	1	0	0	1	1	85144	1	2	21542	91	92	500	11
356500	0.081	3	3	2	2	0	0	0	1	0	0	0	87578	1	1	31032	1846	1847	500	11
357000	0.052	1	1	0	0	0	1	0	0	0	0	0	26410	1	4	31054	1711	1712	500	11
137000	0	3	2	3	3	0	0	0	0	0	0	0	57737	2	3	24011	410	411	500	11
57000	0	2	2	1	0	0	1	0	1	0	0	0	30733	1	1	706	2132	2133	500	11
291000	0	2	2	2	2	0	0	0	0	0	0	0	103630	1	1	9064	1624	1625	500	11
357500	0.058	2	3	2	2	0	0	0	0	0	0	0	83533	1	1	31094	1988	1989	500	11
506500	0	3	2	1	1	0	0	1	0	0	0	1	72272	2	3	17664	2365	2366	500	11
217000	0	5	4	2	2	0	0	1	0	0	2	0	75118	1	1	29396	1468	1469	500	11
439000	0.076	4	1	2	1	1	0	0	0	0	1	1	71119	2	3	21546	89	90	500	11
57500	0	3	0	2	2	0	0	1	0	0	0	0	92918	1	1	759	2131	2132	500	11
137500	0	3	3	2	2	0	0	0	1	0	0	0	72448	1	1	24059	417	418	500	11
507000	0	2	2	2	2	0	0	0	0	0	0	0	141284	1	1	17676	2381	2382	500	11
358000	0.052	3	4	1	0	1	1	1	0	0	0	0	38892	1	1	31106	1715	1716	500	11
358500	0.096	2	1	1	0	0	0	1	1	0	0	0	7838	2	3	31141	1902	1903	500	11
507500	0	2	4	1	1	0	0	1	0	0	0	0	153041	1	1	17699	2425	2426	500	11
138000	0	2	2	0	0	0	2	0	0	0	0	0	32588	1	1	24078	413	414	500	11
58000	0	3	3	1	1	0	0	1	1	0	0	0	32288	1	1	807	2135	2136	500	11
138500	0	2	3	0	0	0	2	0	0	0	0	0	58267	1	1	24110	407	408	500	11
291500	0	5	3	2	2	0	0	0	0	1	2	0	48470	1	1	9081	1632	1633	500	11
139000	0	2	1	0	0	0	1	1	0	0	0	0	15778	1	4	24139	467	468	500	11
439500	0	3	2	2	2	0	0	0	0	0	0	1	104646	1	1	21628	1092	1093	500	11
58500	0	2	2	1	1	0	0	1	0	0	0	0	84496	1	1	843	2134	2135	500	11
508000	0	2	3	1	1	0	0	1	0	0	0	0	87761	1	1	17715	2387	2388	500	11
292000	0.081	1	1	1	1	0	0	0	0	0	0	0	17841	1	1	9107	1637	1638	500	11
217500	0.041	6	3	5	2	3	0	0	0	0	1	0	105959	1	1	29490	1509	1510	500	11
359000	0	3	2	1	1	0	0	1	0	0	0	1	28869	2	3	31150	1896	1897	500	11
292500	0	4	4	0	0	0	2	2	0	0	0	0	75531	1	1	16022	1785	1786	500	11
440000	0	3	2	2	2	0	0	0	0	0	0	1	60959	1	1	21649	1032	1033	500	11
218000	0	3	4	1	1	0	1	1	0	0	0	0	62089	2	3	3397	727	728	500	11
359500	0	1	1	1	0	1	0	0	0	0	0	0	26158	1	4	31150	1896	1897	500	11
360000	0	1	1	1	0	0	0	0	1	0	0	0	21657	1	3	31156	1890	1891	500	11
59000	0.059	4	2	2	2	0	0	0	0	0	0	2	54781	1	1	882	2145	2146	500	11
508500	0	4	2	2	1	1	0	0	0	0	2	0	79247	1	1	17739	2503	2504	500	11
293000	0	2	2	2	2	0	0	0	0	0	0	0	81279	1	1	16699	1788	1789	500	11
139500	0	4	3	3	2	0	0	0	0	2	0	0	144481	1	2	24651	469	470	500	11
293500	0	2	0	0	0	0	0	2	0	0	0	0	6415	2	1	17079	1789	1790	500	11
360500	0	1	1	1	1	0	0	0	0	0	0	0	53626	1	1	31318	1879	1880	500	11
440500	0	3	2	2	2	0	0	1	0	0	0	0	141168	1	1	21697	1093	1094	500	11
509000	0	1	3	1	1	0	0	0	0	0	0	0	20729	2	3	17774	2498	2499	500	11
294000	0.024	1	1	1	1	0	0	0	0	0	0	0	63480	1	1	17112	1737	1738	500	11
509500	0.067	1	1	1	1	0	0	0	0	0	0	0	103732	1	1	17810	2472	2473	500	11
59500	0	4	2	1	1	0	0	1	0	0	1	1	29082	1	1	914	2119	2120	500	11
441000	0	3	1	0	0	0	2	1	0	0	0	0	36621	1	1	21730	1077	1078	500	11
140000	0	2	1	1	1	0	0	0	0	0	1	0	47040	2	3	24786	472	473	500	11
60000	0	1	1	1	1	0	0	0	0	0	0	0	19246	2	4	987	2127	2128	500	11
218500	0	5	2	2	2	0	0	0	0	0	2	1	109726	1	1	3415	724	725	500	11
361000	0	2	1	0	0	0	2	0	0	0	0	0	128393	1	1	31338	1882	1883	500	11
441500	0	2	2	1	1	0	0	0	1	0	0	0	92711	1	1	21754	1083	1084	500	11
140500	0	1	1	1	1	0	0	0	0	0	0	0	19841	2	3	25016	879	880	500	11
361500	0	2	0	0	0	0	2	0	0	0	0	0	42149	1	1	31357	1881	1882	500	11
60500	0	2	2	2	2	0	0	0	0	0	0	0	62442	1	1	1048	2126	2127	500	11
442000	0	1	1	1	1	0	0	0	0	0	0	0	42163	2	3	21793	1030	1031	500	11
219000	0.087	2	2	1	1	0	1	0	0	0	0	0	56823	2	2	3430	763	764	500	11
294500	0.055	2	2	2	2	0	0	0	0	0	0	0	132078	1	1	19351	1760	1761	500	11
510000	0.067	3	4	1	1	0	0	1	0	0	1	0	123753	2	3	17824	2467	2468	500	11
61000	0.14	3	1	2	2	0	0	1	0	0	0	0	94515	1	1	1065	2249	2250	500	11
442500	0	1	2	1	1	0	0	0	0	0	0	0	24677	1	1	21825	1039	1040	500	11
141000	0	2	1	2	2	0	0	0	0	0	0	0	58013	2	3	25271	394	395	500	11
362000	0.143	2	3	1	1	0	0	1	0	0	0	0	134246	1	1	31386	1670	1671	500	11
61500	0.056	2	2	0	0	0	0	2	0	0	0	0	29020	2	3	1073	2229	2230	500	11
219500	0.087	2	4	1	1	0	0	1	0	0	0	0	129804	1	1	3439	760	761	500	11
141500	0	1	2	1	1	0	0	0	0	0	0	0	85772	1	2	26571	710	711	500	11
295000	0.055	2	2	2	2	0	0	0	0	0	0	0	148164	1	1	19979	1759	1760	500	11
443000	0	1	1	1	0	1	0	0	0	0	0	0	29701	1	2	21927	1041	1042	500	11
142000	0	1	1	0	0	0	1	0	0	0	0	0	33957	1	1	26576	710	711	500	11
510500	0.067	5	2	1	1	0	0	1	0	0	1	2	53303	2	4	17843	2464	2465	500	11
220000	0.087	2	2	2	2	0	0	0	0	0	0	0	167807	2	1	3445	761	762	500	11
62000	0.056	4	2	1	1	0	0	1	0	2	0	0	74141	1	1	1092	2228	2229	500	11
362500	0	3	2	1	0	1	0	1	0	0	0	1	28213	2	3	31399	1673	1674	500	11
220500	0.087	1	1	1	1	0	0	0	0	0	0	0	50253	1	3	3472	766	767	500	11
511000	0	2	2	0	0	0	2	0	0	0	0	0	67548	1	1	17886	2418	2419	500	11
363000	0	1	1	0	0	0	1	0	0	0	0	0	3658	2	1	31416	1886	1887	500	11
363500	0	1	1	0	0	0	0	1	0	0	0	0	7601	2	3	31436	1888	1889	500	11
443500	0	3	3	2	2	0	0	1	0	0	0	0	141168	1	1	21993	1079	1080	500	11
295500	0	4	4	3	3	0	0	0	0	0	1	0	101178	1	1	19994	1769	1770	500	11
142500	0	3	2	2	1	1	0	1	0	0	0	0	5627	1	1	26706	453	454	500	11
221000	0.089	2	2	2	2	0	0	0	0	0	0	0	71170	1	2	3480	818	819	500	11
364000	0	2	4	2	2	0	0	0	0	0	0	0	122721	2	3	31453	1897	1898	500	11
511500	0	3	2	1	1	0	0	1	0	0	1	0	145203	1	1	17904	2408	2409	500	11
444000	0	2	2	1	1	0	0	1	0	0	0	0	90422	2	3	22034	1085	1086	500	11
143000	0	1	2	0	0	0	1	0	0	0	0	0	12831	1	1	26729	377	378	500	11
296000	0	2	1	1	1	0	0	1	0	0	0	0	60805	1	1	20236	1779	1780	500	11
512000	0	1	1	1	1	0	0	0	0	0	0	0	45900	1	3	17927	2417	2418	500	11
143500	0	1	1	0	0	0	0	1	0	0	0	0	6950	2	3	26749	406	407	500	11
296500	0	1	1	0	0	0	0	1	0	0	0	0	14529	1	1	20440	1781	1782	500	11
144000	0	2	0	0	0	0	2	0	0	0	0	0	8941	2	1	27179	476	477	500	11
364500	0	2	1	1	1	0	0	1	0	0	0	0	26257	2	3	31453	1897	1898	500	11
62500	0.056	6	3	3	2	0	0	0	0	1	3	0	35536	2	1	1106	2230	2231	500	11
63000	0.056	1	1	0	0	0	1	0	0	0	0	0	45343	3	1	1121	2232	2233	500	11
444500	0	2	2	2	2	0	0	0	0	0	0	0	157936	2	2	22104	1082	1083	500	11
144500	0	1	1	1	1	0	0	0	0	0	0	0	25400	2	3	27197	451	452	500	11
445000	0	1	1	0	0	0	1	0	0	0	0	0	52020	1	3	22124	1101	1102	500	11
221500	0.046	5	2	1	1	0	0	1	0	0	3	0	23690	2	1	4178	807	808	500	11
145000	0	1	1	0	0	0	0	1	0	0	0	0	6950	2	3	27979	416	417	500	11
512500	0	3	3	2	1	1	0	1	0	0	0	0	115502	1	2	17964	2409	2410	500	11
222000	0	1	1	1	1	0	0	0	0	0	0	0	37422	1	1	4194	868	869	500	11
297000	0.024	3	3	2	2	0	0	0	0	1	0	0	52396	1	1	20457	1739	1740	500	11
365000	0	2	2	1	1	0	0	0	0	0	1	0	30938	2	3	31464	1893	1894	500	11
513000	0.173	1	1	0	0	0	1	0	0	0	0	0	17532	1	1	17988	2443	2444	500	11
445500	0	1	1	1	1	0	0	0	0	0	0	0	25782	1	3	22140	1104	1105	500	11
145500	0	1	1	1	1	0	0	0	0	0	0	0	80191	1	1	27994	477	478	500	11
297500	0.024	2	2	2	2	0	0	0	0	0	0	0	74032	1	1	20493	1741	1742	500	11
513500	0.119	4	3	2	2	0	0	0	0	1	0	1	41655	2	3	18009	2446	2447	500	11
446000	0	2	2	2	2	0	0	0	0	0	0	0	158671	1	1	22146	1086	1087	500	11
63500	0.063	3	3	2	1	1	0	1	0	0	0	0	60760	1	1	1147	2263	2264	500	11
64000	0.063	1	1	0	0	0	1	0	0	0	0	0	6852	2	3	1167	2261	2262	500	11
222500	0.046	4	2	2	2	0	0	0	0	0	2	0	138044	1	1	4202	808	809	500	11
298000	0	3	2	2	1	1	0	0	0	0	0	1	69508	2	4	20531	1773	1774	500	11
146000	0	3	3	3	3	0	0	0	0	0	0	0	101869	2	2	28051	456	457	500	11
514000	0.173	2	1	2	1	1	0	0	0	0	0	0	26029	1	1	18032	2441	2442	500	11
146500	0	1	1	0	0	0	1	0	0	0	0	0	25126	1	1	28445	409	410	500	11
446500	0	2	2	2	2	0	0	0	0	0	0	0	62908	1	3	22153	1103	1104	500	11
365500	0	8	3	2	2	0	0	3	0	0	1	2	93972	1	1	31468	1885	1886	500	11
223000	0	3	2	1	1	0	0	1	0	0	0	1	63984	1	1	4210	863	864	500	11
147000	0	1	1	1	1	0	0	0	0	0	0	0	18177	2	3	28465	352	353	500	11
64500	0	3	2	2	2	0	0	0	0	0	0	1	48367	1	1	1183	2235	2236	500	11
65000	0.14	1	1	1	1	0	0	0	0	0	0	0	18177	2	3	1203	2253	2254	500	11
366000	0	2	3	1	0	0	0	1	1	0	0	0	29938	2	3	31616	1947	1948	500	11
298500	0	4	3	2	2	0	0	1	0	0	1	0	118452	1	1	20540	1778	1779	500	11
447000	0	2	2	2	2	0	0	0	0	0	0	0	113516	1	1	22162	1098	1099	500	11
65500	0	1	2	1	1	0	0	0	0	0	0	0	27206	1	1	1220	2226	2227	500	11
514500	0.173	3	3	1	1	0	0	1	0	1	0	0	82121	1	1	18114	2440	2441	500	11
223500	0	2	3	2	2	0	0	0	0	0	0	0	76314	1	1	4214	863	864	500	11
147500	0	3	3	2	1	0	0	0	1	0	0	1	26730	2	3	33113	387	388	500	11
447500	0	1	1	1	1	0	0	0	0	0	0	0	75798	1	3	22190	1111	1112	500	11
515000	0.119	1	1	0	0	0	1	0	0	0	0	0	9409	1	1	18144	2448	2449	500	11
366500	0	3	2	2	2	0	0	0	0	0	0	1	21865	2	3	31670	1952	1953	500	11
66000	0	4	2	1	1	0	0	1	0	0	0	2	21384	2	3	1233	2225	2226	500	11
66500	0	1	0	0	0	0	1	0	0	0	0	0	8292	2	3	1235	2225	2226	500	11
224000	0	2	2	2	2	0	0	0	0	0	0	0	167807	2	1	4221	865	866	500	11
299000	0.03	3	2	2	1	0	0	0	1	0	0	1	25257	2	3	20566	1818	1819	500	11
367000	0.096	2	3	0	0	0	0	0	2	0	0	0	4459	2	3	31713	1901	1902	500	11
448000	0	3	3	1	1	0	0	1	0	1	0	0	138490	1	1	22201	1120	1121	500	11
224500	0	2	1	1	0	1	0	0	0	0	0	1	15748	2	3	4230	816	817	500	11
515500	0	4	4	2	2	0	0	0	0	1	1	0	36507	1	1	18220	2430	2431	500	11
516000	0	2	2	1	1	0	0	1	0	0	0	0	73243	1	1	18314	2433	2434	500	11
448500	0	1	2	1	1	0	0	0	0	0	0	0	41699	2	3	22325	937	938	500	11
225000	0	2	3	1	1	0	0	1	0	0	0	0	51564	2	3	4238	806	807	500	11
148000	0	4	2	2	1	1	0	0	0	0	0	2	74952	1	1	1525	300	301	500	11
67000	0	4	1	1	1	0	0	1	0	0	2	0	382778	1	1	1293	2208	2209	500	11
148500	0	2	3	0	0	0	1	1	0	0	0	0	49192	1	1	1639	304	305	500	11
367500	0.096	3	3	2	0	0	0	0	2	1	0	0	19567	2	3	31715	1900	1901	500	11
299500	0.127	4	1	2	2	0	0	0	0	0	0	2	45008	1	1	20587	1835	1836	500	11
449000	0	2	3	2	1	1	0	0	0	0	0	0	76314	1	1	24170	3	4	500	11
449500	0	1	1	1	1	0	0	0	0	0	0	0	30229	2	3	24175	7	8	500	11
149000	0	2	2	1	1	0	0	1	0	0	0	0	63480	1	1	5825	576	577	500	11
450000	0	1	2	0	0	0	1	0	0	0	0	0	21865	1	1	24187	1245	1246	500	11
67500	0	1	1	1	1	0	0	0	0	0	0	0	48072	2	3	1379	2199	2200	500	11
516500	0	5	2	1	1	0	0	1	0	0	2	1	39484	2	1	18368	2429	2430	500	11
149500	0.102	1	1	0	0	0	1	0	0	0	0	0	11860	1	1	5879	275	276	500	11
300000	0	3	2	2	2	0	0	0	0	0	1	0	585350	1	1	20620	1783	1784	500	11
368000	0.058	3	2	3	3	0	0	0	0	0	0	0	104646	1	1	31724	1976	1977	500	11
150000	0.102	1	1	1	1	0	0	0	0	0	0	0	20152	2	1	5889	271	272	500	11
368500	0.112	2	2	2	1	0	0	0	1	0	0	0	22758	2	3	31757	1923	1924	500	11
517000	0	3	3	1	1	0	0	1	0	0	1	0	344286	1	1	18423	2314	2315	500	11
68000	0	5	2	1	1	0	0	1	0	0	2	1	39561	2	3	1389	2198	2199	500	11
68500	0	1	2	0	0	0	1	0	0	0	0	0	21462	2	3	1410	2209	2210	500	11
369000	0.112	2	2	1	1	0	0	1	0	0	0	0	26257	2	3	31786	1919	1920	500	11
369500	0.112	1	0	0	0	0	0	1	0	0	0	0	3356	2	1	31800	1913	1914	500	11
517500	0	5	2	1	1	0	0	1	0	0	3	0	204330	1	1	18473	2547	2548	500	11
69000	0	5	4	2	2	0	0	0	1	0	2	0	63939	2	2	1437	2200	2201	500	11
370000	0.112	4	2	1	1	0	0	1	0	1	1	0	25782	1	1	31817	1916	1917	500	11
518000	0	3	2	2	2	0	0	0	0	0	0	1	115475	1	1	18514	2306	2307	500	11
370500	0.112	1	1	1	0	1	0	0	0	0	0	0	12696	2	3	31833	1914	1915	500	11
371000	0	1	1	0	0	0	0	1	0	0	0	0	15240	2	3	31857	1933	1934	500	11
518500	0	2	4	0	0	0	2	0	0	0	0	0	32611	1	1	18542	2315	2316	500	11
519000	0.139	1	1	0	0	0	1	0	0	0	0	0	10278	1	1	18596	2557	2558	500	11
519500	0.043	2	1	1	0	1	0	0	0	0	1	0	171296	1	1	18637	2361	2362	500	11
371500	0	2	1	2	2	0	0	0	0	0	0	0	37126	3	2	31875	1943	1944	500	11
372000	0.112	1	0	0	0	0	1	0	0	0	0	0	9088	3	1	31885	1922	1923	500	11
69500	0	5	2	2	2	0	0	0	0	0	3	0	194459	1	1	1452	2205	2206	500	11
372500	0	2	2	1	0	1	0	1	0	0	0	0	22210	2	1	31912	1968	1969	500	11
520000	0	2	2	1	1	0	0	0	1	0	0	0	128306	1	2	18669	2350	2351	500	11
70000	0.111	2	1	2	2	0	0	0	0	0	0	0	48115	2	3	1478	2239	2240	500	11
70500	0	3	2	2	2	0	0	0	0	0	1	0	126961	1	1	1500	2191	2192	500	11
373000	0	4	2	1	1	0	0	1	0	0	2	0	19951	2	3	31918	1963	1964	500	11
520500	0	3	2	1	1	0	0	1	0	0	0	1	113384	1	1	18672	2350	2351	500	11
71000	0.111	2	4	2	2	0	0	0	0	0	0	0	59226	2	3	1510	2236	2237	500	11
71500	0	1	1	0	0	0	1	0	0	0	0	0	17749	2	3	1556	2201	2202	500	11
373500	0	3	2	2	1	1	0	0	0	0	0	1	85648	1	3	31934	1675	1676	500	11
521000	0	3	2	2	2	0	0	0	0	0	0	1	56720	1	1	18717	2304	2305	500	11
374000	0	2	2	2	2	0	0	0	0	0	0	0	32504	1	1	31950	2011	2012	500	11
72000	0.156	3	1	2	2	0	0	0	0	0	1	0	75183	1	4	1682	2111	2112	500	11
374500	0.058	2	1	0	0	0	2	0	0	0	0	0	8433	1	1	31963	1978	1979	500	11
72500	0	2	2	0	0	0	2	0	0	0	0	0	33104	1	1	1714	2084	2085	500	11
375000	0	2	1	0	0	0	0	2	0	0	0	0	42522	1	1	31997	1964	1965	500	11
521500	0	6	3	3	1	1	0	0	0	2	2	0	58521	1	1	18745	2533	2534	500	11
73000	0.198	4	3	1	1	0	0	1	0	0	2	0	39484	2	2	1753	2116	2117	500	11
73500	0.156	2	1	0	0	0	1	1	0	0	0	0	39623	1	1	1781	2112	2113	500	11
522000	0	4	2	1	1	0	0	1	0	0	0	2	112409	1	1	18773	2529	2530	500	11
522500	0	3	2	2	2	0	0	0	0	0	0	1	278958	1	1	18815	2530	2531	500	11
523000	0.139	1	1	1	1	0	0	0	0	0	0	0	92814	1	1	18849	2556	2557	500	11
523500	0.139	3	3	2	2	0	0	0	0	0	0	1	103655	2	3	18908	2554	2555	500	11
74000	0	4	2	2	2	0	0	0	0	0	1	1	103892	1	1	1795	2216	2217	500	11
524000	0	2	2	1	1	0	0	1	0	0	0	0	153041	1	1	18964	2548	2549	500	11
524500	0	2	1	0	0	0	2	0	0	0	0	0	17983	3	3	18992	2389	2390	500	11
74500	0	1	1	1	1	0	0	0	0	0	0	0	62014	2	1	1818	2214	2215	500	11
525000	0	2	2	2	2	0	0	0	0	0	0	0	51329	2	3	19018	2392	2393	500	11
525500	0	1	1	1	1	0	0	0	0	0	0	0	43313	2	3	19028	2391	2392	500	11
75000	0	4	2	2	2	0	0	0	0	0	1	1	83826	2	1	1844	2212	2213	500	11
